ix,iz,x,z,T
4,0,32.0,0.0,22.514
5,0,40.0,0.0,22.514
6,0,48.0,0.0,22.514
7,0,56.0,0.0,22.035
8,0,64.0,0.0,22.035
9,0,72.0,0.0,22.035
10,0,80.0,0.0,22.035
11,0,88.0,0.0,21.826
12,0,96.0,0.0,21.826
13,0,104.0,0.0,21.826
14,0,112.0,0.0,21.805
15,0,120.0,0.0,21.805
16,0,128.0,0.0,21.805
17,0,136.0,0.0,21.805
18,0,144.0,0.0,21.867
19,0,152.0,0.0,21.867
20,0,160.0,0.0,21.867
21,0,168.0,0.0,21.867
22,0,176.0,0.0,22.008
23,0,184.0,0.0,22.008
24,0,192.0,0.0,22.008
25,0,200.0,0.0,22.263
26,0,208.0,0.0,22.263
27,0,216.0,0.0,22.263
28,0,224.0,0.0,22.565
29,0,232.0,0.0,22.565
30,0,240.0,0.0,22.565
31,0,248.0,0.0,22.565
32,0,256.0,0.0,22.562
33,0,264.0,0.0,22.562
34,0,272.0,0.0,22.562
35,0,280.0,0.0,22.470
36,0,288.0,0.0,22.470
37,0,296.0,0.0,22.470
38,0,304.0,0.0,22.470
39,0,312.0,0.0,22.413
40,0,320.0,0.0,22.413
41,0,328.0,0.0,22.413
42,0,336.0,0.0,22.413
43,0,344.0,0.0,22.384
44,0,352.0,0.0,22.384
45,0,360.0,0.0,22.384
46,0,368.0,0.0,22.376
47,0,376.0,0.0,22.376
48,0,384.0,0.0,22.376
49,0,392.0,0.0,22.376
50,0,400.0,0.0,22.374
51,0,408.0,0.0,22.374
52,0,416.0,0.0,22.374
53,0,424.0,0.0,22.378
54,0,432.0,0.0,22.378
55,0,440.0,0.0,22.378
56,0,448.0,0.0,22.399
57,0,456.0,0.0,22.399
58,0,464.0,0.0,22.399
59,0,472.0,0.0,22.399
60,0,480.0,0.0,22.436
61,0,488.0,0.0,22.436
62,0,496.0,0.0,22.436
63,0,504.0,0.0,22.497
64,0,512.0,0.0,22.497
65,0,520.0,0.0,22.497
66,0,528.0,0.0,22.497
67,0,536.0,0.0,22.591
68,0,544.0,0.0,22.591
69,0,552.0,0.0,22.591
70,0,560.0,0.0,22.478
71,0,568.0,0.0,22.478
72,0,576.0,0.0,22.478
73,0,584.0,0.0,22.478
74,0,592.0,0.0,22.143
75,0,600.0,0.0,22.143
76,0,608.0,0.0,22.143
77,0,616.0,0.0,21.931
78,0,624.0,0.0,21.931
79,0,632.0,0.0,21.931
80,0,640.0,0.0,21.931
81,0,648.0,0.0,21.829
82,0,656.0,0.0,21.829
83,0,664.0,0.0,21.829
84,0,672.0,0.0,21.829
85,0,680.0,0.0,21.800
86,0,688.0,0.0,21.800
87,0,696.0,0.0,21.800
88,0,704.0,0.0,21.874
89,0,712.0,0.0,21.874
90,0,720.0,0.0,21.874
91,0,728.0,0.0,22.232
92,0,736.0,0.0,22.232
93,0,744.0,0.0,22.232
94,0,752.0,0.0,22.232
95,0,760.0,0.0,22.798
96,0,768.0,0.0,22.798
4,1,32.0,8.0,22.514
5,1,40.0,8.0,22.514
6,1,48.0,8.0,22.514
7,1,56.0,8.0,22.035
8,1,64.0,8.0,22.035
9,1,72.0,8.0,22.035
10,1,80.0,8.0,22.035
11,1,88.0,8.0,21.826
12,1,96.0,8.0,21.826
13,1,104.0,8.0,21.826
14,1,112.0,8.0,21.805
15,1,120.0,8.0,21.805
16,1,128.0,8.0,21.805
17,1,136.0,8.0,21.805
18,1,144.0,8.0,21.867
19,1,152.0,8.0,21.867
20,1,160.0,8.0,21.867
21,1,168.0,8.0,21.867
22,1,176.0,8.0,22.008
23,1,184.0,8.0,22.008
24,1,192.0,8.0,22.008
25,1,200.0,8.0,22.263
26,1,208.0,8.0,22.263
27,1,216.0,8.0,22.263
28,1,224.0,8.0,22.565
29,1,232.0,8.0,22.565
30,1,240.0,8.0,22.565
31,1,248.0,8.0,22.565
32,1,256.0,8.0,22.562
33,1,264.0,8.0,22.562
34,1,272.0,8.0,22.562
35,1,280.0,8.0,22.470
36,1,288.0,8.0,22.470
37,1,296.0,8.0,22.470
38,1,304.0,8.0,22.470
39,1,312.0,8.0,22.413
40,1,320.0,8.0,22.413
41,1,328.0,8.0,22.413
42,1,336.0,8.0,22.413
43,1,344.0,8.0,22.384
44,1,352.0,8.0,22.384
45,1,360.0,8.0,22.384
46,1,368.0,8.0,22.376
47,1,376.0,8.0,22.376
48,1,384.0,8.0,22.376
49,1,392.0,8.0,22.376
50,1,400.0,8.0,22.374
51,1,408.0,8.0,22.374
52,1,416.0,8.0,22.374
53,1,424.0,8.0,22.378
54,1,432.0,8.0,22.378
55,1,440.0,8.0,22.378
56,1,448.0,8.0,22.399
57,1,456.0,8.0,22.399
58,1,464.0,8.0,22.399
59,1,472.0,8.0,22.399
60,1,480.0,8.0,22.436
61,1,488.0,8.0,22.436
62,1,496.0,8.0,22.436
63,1,504.0,8.0,22.497
64,1,512.0,8.0,22.497
65,1,520.0,8.0,22.497
66,1,528.0,8.0,22.497
67,1,536.0,8.0,22.591
68,1,544.0,8.0,22.591
69,1,552.0,8.0,22.591
70,1,560.0,8.0,22.478
71,1,568.0,8.0,22.478
72,1,576.0,8.0,22.478
73,1,584.0,8.0,22.478
74,1,592.0,8.0,22.143
75,1,600.0,8.0,22.143
76,1,608.0,8.0,22.143
77,1,616.0,8.0,21.931
78,1,624.0,8.0,21.931
79,1,632.0,8.0,21.931
80,1,640.0,8.0,21.931
81,1,648.0,8.0,21.829
82,1,656.0,8.0,21.829
83,1,664.0,8.0,21.829
84,1,672.0,8.0,21.829
85,1,680.0,8.0,21.800
86,1,688.0,8.0,21.800
87,1,696.0,8.0,21.800
88,1,704.0,8.0,21.874
89,1,712.0,8.0,21.874
90,1,720.0,8.0,21.874
91,1,728.0,8.0,22.232
92,1,736.0,8.0,22.232
93,1,744.0,8.0,22.232
94,1,752.0,8.0,22.232
95,1,760.0,8.0,22.798
96,1,768.0,8.0,22.798
4,2,32.0,16.0,22.514
5,2,40.0,16.0,22.514
6,2,48.0,16.0,22.514
7,2,56.0,16.0,22.035
8,2,64.0,16.0,22.035
9,2,72.0,16.0,22.035
10,2,80.0,16.0,22.035
11,2,88.0,16.0,21.826
12,2,96.0,16.0,21.826
13,2,104.0,16.0,21.826
14,2,112.0,16.0,21.805
15,2,120.0,16.0,21.805
16,2,128.0,16.0,21.805
17,2,136.0,16.0,21.805
18,2,144.0,16.0,21.867
19,2,152.0,16.0,21.867
20,2,160.0,16.0,21.867
21,2,168.0,16.0,21.867
22,2,176.0,16.0,22.008
23,2,184.0,16.0,22.008
24,2,192.0,16.0,22.008
25,2,200.0,16.0,22.263
26,2,208.0,16.0,22.263
27,2,216.0,16.0,22.263
28,2,224.0,16.0,22.565
29,2,232.0,16.0,22.565
30,2,240.0,16.0,22.565
31,2,248.0,16.0,22.565
32,2,256.0,16.0,22.562
33,2,264.0,16.0,22.562
34,2,272.0,16.0,22.562
35,2,280.0,16.0,22.470
36,2,288.0,16.0,22.470
37,2,296.0,16.0,22.470
38,2,304.0,16.0,22.470
39,2,312.0,16.0,22.413
40,2,320.0,16.0,22.413
41,2,328.0,16.0,22.413
42,2,336.0,16.0,22.413
43,2,344.0,16.0,22.384
44,2,352.0,16.0,22.384
45,2,360.0,16.0,22.384
46,2,368.0,16.0,22.376
47,2,376.0,16.0,22.376
48,2,384.0,16.0,22.376
49,2,392.0,16.0,22.376
50,2,400.0,16.0,22.374
51,2,408.0,16.0,22.374
52,2,416.0,16.0,22.374
53,2,424.0,16.0,22.378
54,2,432.0,16.0,22.378
55,2,440.0,16.0,22.378
56,2,448.0,16.0,22.399
57,2,456.0,16.0,22.399
58,2,464.0,16.0,22.399
59,2,472.0,16.0,22.399
60,2,480.0,16.0,22.436
61,2,488.0,16.0,22.436
62,2,496.0,16.0,22.436
63,2,504.0,16.0,22.497
64,2,512.0,16.0,22.497
65,2,520.0,16.0,22.497
66,2,528.0,16.0,22.497
67,2,536.0,16.0,22.591
68,2,544.0,16.0,22.591
69,2,552.0,16.0,22.591
70,2,560.0,16.0,22.478
71,2,568.0,16.0,22.478
72,2,576.0,16.0,22.478
73,2,584.0,16.0,22.478
74,2,592.0,16.0,22.143
75,2,600.0,16.0,22.143
76,2,608.0,16.0,22.143
77,2,616.0,16.0,21.931
78,2,624.0,16.0,21.931
79,2,632.0,16.0,21.931
80,2,640.0,16.0,21.931
81,2,648.0,16.0,21.829
82,2,656.0,16.0,21.829
83,2,664.0,16.0,21.829
84,2,672.0,16.0,21.829
85,2,680.0,16.0,21.800
86,2,688.0,16.0,21.800
87,2,696.0,16.0,21.800
88,2,704.0,16.0,21.874
89,2,712.0,16.0,21.874
90,2,720.0,16.0,21.874
91,2,728.0,16.0,22.232
92,2,736.0,16.0,22.232
93,2,744.0,16.0,22.232
94,2,752.0,16.0,22.232
95,2,760.0,16.0,22.798
96,2,768.0,16.0,22.798
4,3,32.0,24.0,22.514
5,3,40.0,24.0,22.514
6,3,48.0,24.0,22.514
7,3,56.0,24.0,22.035
8,3,64.0,24.0,22.035
9,3,72.0,24.0,22.035
10,3,80.0,24.0,22.035
11,3,88.0,24.0,21.826
12,3,96.0,24.0,21.826
13,3,104.0,24.0,21.826
14,3,112.0,24.0,21.805
15,3,120.0,24.0,21.805
16,3,128.0,24.0,21.805
17,3,136.0,24.0,21.805
18,3,144.0,24.0,21.867
19,3,152.0,24.0,21.867
20,3,160.0,24.0,21.867
21,3,168.0,24.0,21.867
22,3,176.0,24.0,22.008
23,3,184.0,24.0,22.008
24,3,192.0,24.0,22.008
25,3,200.0,24.0,22.263
26,3,208.0,24.0,22.263
27,3,216.0,24.0,22.263
28,3,224.0,24.0,22.565
29,3,232.0,24.0,22.565
30,3,240.0,24.0,22.565
31,3,248.0,24.0,22.565
32,3,256.0,24.0,22.562
33,3,264.0,24.0,22.562
34,3,272.0,24.0,22.562
35,3,280.0,24.0,22.470
36,3,288.0,24.0,22.470
37,3,296.0,24.0,22.470
38,3,304.0,24.0,22.470
39,3,312.0,24.0,22.413
40,3,320.0,24.0,22.413
41,3,328.0,24.0,22.413
42,3,336.0,24.0,22.413
43,3,344.0,24.0,22.384
44,3,352.0,24.0,22.384
45,3,360.0,24.0,22.384
46,3,368.0,24.0,22.376
47,3,376.0,24.0,22.376
48,3,384.0,24.0,22.376
49,3,392.0,24.0,22.376
50,3,400.0,24.0,22.374
51,3,408.0,24.0,22.374
52,3,416.0,24.0,22.374
53,3,424.0,24.0,22.378
54,3,432.0,24.0,22.378
55,3,440.0,24.0,22.378
56,3,448.0,24.0,22.399
57,3,456.0,24.0,22.399
58,3,464.0,24.0,22.399
59,3,472.0,24.0,22.399
60,3,480.0,24.0,22.436
61,3,488.0,24.0,22.436
62,3,496.0,24.0,22.436
63,3,504.0,24.0,22.497
64,3,512.0,24.0,22.497
65,3,520.0,24.0,22.497
66,3,528.0,24.0,22.497
67,3,536.0,24.0,22.591
68,3,544.0,24.0,22.591
69,3,552.0,24.0,22.591
70,3,560.0,24.0,22.478
71,3,568.0,24.0,22.478
72,3,576.0,24.0,22.478
73,3,584.0,24.0,22.478
74,3,592.0,24.0,22.143
75,3,600.0,24.0,22.143
76,3,608.0,24.0,22.143
77,3,616.0,24.0,21.931
78,3,624.0,24.0,21.931
79,3,632.0,24.0,21.931
80,3,640.0,24.0,21.931
81,3,648.0,24.0,21.829
82,3,656.0,24.0,21.829
83,3,664.0,24.0,21.829
84,3,672.0,24.0,21.829
85,3,680.0,24.0,21.800
86,3,688.0,24.0,21.800
87,3,696.0,24.0,21.800
88,3,704.0,24.0,21.874
89,3,712.0,24.0,21.874
90,3,720.0,24.0,21.874
91,3,728.0,24.0,22.232
92,3,736.0,24.0,22.232
93,3,744.0,24.0,22.232
94,3,752.0,24.0,22.232
95,3,760.0,24.0,22.798
96,3,768.0,24.0,22.798
4,4,32.0,32.0,22.611
5,4,40.0,32.0,22.611
6,4,48.0,32.0,22.611
7,4,56.0,32.0,21.919
8,4,64.0,32.0,21.919
9,4,72.0,32.0,21.919
10,4,80.0,32.0,21.919
11,4,88.0,32.0,21.677
12,4,96.0,32.0,21.677
13,4,104.0,32.0,21.677
14,4,112.0,32.0,21.644
15,4,120.0,32.0,21.644
16,4,128.0,32.0,21.644
17,4,136.0,32.0,21.644
18,4,144.0,32.0,21.703
19,4,152.0,32.0,21.703
20,4,160.0,32.0,21.703
21,4,168.0,32.0,21.703
22,4,176.0,32.0,21.848
23,4,184.0,32.0,21.848
24,4,192.0,32.0,21.848
25,4,200.0,32.0,22.075
26,4,208.0,32.0,22.075
27,4,216.0,32.0,22.075
28,4,224.0,32.0,22.229
29,4,232.0,32.0,22.229
30,4,240.0,32.0,22.229
31,4,248.0,32.0,22.229
32,4,256.0,32.0,22.206
33,4,264.0,32.0,22.206
34,4,272.0,32.0,22.206
35,4,280.0,32.0,22.136
36,4,288.0,32.0,22.136
37,4,296.0,32.0,22.136
38,4,304.0,32.0,22.136
39,4,312.0,32.0,22.087
40,4,320.0,32.0,22.087
41,4,328.0,32.0,22.087
42,4,336.0,32.0,22.087
43,4,344.0,32.0,22.069
44,4,352.0,32.0,22.069
45,4,360.0,32.0,22.069
46,4,368.0,32.0,22.072
47,4,376.0,32.0,22.072
48,4,384.0,32.0,22.072
49,4,392.0,32.0,22.072
50,4,400.0,32.0,22.079
51,4,408.0,32.0,22.079
52,4,416.0,32.0,22.079
53,4,424.0,32.0,22.069
54,4,432.0,32.0,22.069
55,4,440.0,32.0,22.069
56,4,448.0,32.0,22.077
57,4,456.0,32.0,22.077
58,4,464.0,32.0,22.077
59,4,472.0,32.0,22.077
60,4,480.0,32.0,22.106
61,4,488.0,32.0,22.106
62,4,496.0,32.0,22.106
63,4,504.0,32.0,22.157
64,4,512.0,32.0,22.157
65,4,520.0,32.0,22.157
66,4,528.0,32.0,22.157
67,4,536.0,32.0,22.225
68,4,544.0,32.0,22.225
69,4,552.0,32.0,22.225
70,4,560.0,32.0,22.193
71,4,568.0,32.0,22.193
72,4,576.0,32.0,22.193
73,4,584.0,32.0,22.193
74,4,592.0,32.0,21.977
75,4,600.0,32.0,21.977
76,4,608.0,32.0,21.977
77,4,616.0,32.0,21.770
78,4,624.0,32.0,21.770
79,4,632.0,32.0,21.770
80,4,640.0,32.0,21.770
81,4,648.0,32.0,21.663
82,4,656.0,32.0,21.663
83,4,664.0,32.0,21.663
84,4,672.0,32.0,21.663
85,4,680.0,32.0,21.642
86,4,688.0,32.0,21.642
87,4,696.0,32.0,21.642
88,4,704.0,32.0,21.727
89,4,712.0,32.0,21.727
90,4,720.0,32.0,21.727
91,4,728.0,32.0,22.205
92,4,736.0,32.0,22.205
93,4,744.0,32.0,22.205
94,4,752.0,32.0,22.205
95,4,760.0,32.0,23.011
96,4,768.0,32.0,23.011
4,5,32.0,40.0,22.611
5,5,40.0,40.0,22.611
6,5,48.0,40.0,22.611
7,5,56.0,40.0,21.919
8,5,64.0,40.0,21.919
9,5,72.0,40.0,21.919
10,5,80.0,40.0,21.919
11,5,88.0,40.0,21.677
12,5,96.0,40.0,21.677
13,5,104.0,40.0,21.677
14,5,112.0,40.0,21.644
15,5,120.0,40.0,21.644
16,5,128.0,40.0,21.644
17,5,136.0,40.0,21.644
18,5,144.0,40.0,21.703
19,5,152.0,40.0,21.703
20,5,160.0,40.0,21.703
21,5,168.0,40.0,21.703
22,5,176.0,40.0,21.848
23,5,184.0,40.0,21.848
24,5,192.0,40.0,21.848
25,5,200.0,40.0,22.075
26,5,208.0,40.0,22.075
27,5,216.0,40.0,22.075
28,5,224.0,40.0,22.229
29,5,232.0,40.0,22.229
30,5,240.0,40.0,22.229
31,5,248.0,40.0,22.229
32,5,256.0,40.0,22.206
33,5,264.0,40.0,22.206
34,5,272.0,40.0,22.206
35,5,280.0,40.0,22.136
36,5,288.0,40.0,22.136
37,5,296.0,40.0,22.136
38,5,304.0,40.0,22.136
39,5,312.0,40.0,22.087
40,5,320.0,40.0,22.087
41,5,328.0,40.0,22.087
42,5,336.0,40.0,22.087
43,5,344.0,40.0,22.069
44,5,352.0,40.0,22.069
45,5,360.0,40.0,22.069
46,5,368.0,40.0,22.072
47,5,376.0,40.0,22.072
48,5,384.0,40.0,22.072
49,5,392.0,40.0,22.072
50,5,400.0,40.0,22.079
51,5,408.0,40.0,22.079
52,5,416.0,40.0,22.079
53,5,424.0,40.0,22.069
54,5,432.0,40.0,22.069
55,5,440.0,40.0,22.069
56,5,448.0,40.0,22.077
57,5,456.0,40.0,22.077
58,5,464.0,40.0,22.077
59,5,472.0,40.0,22.077
60,5,480.0,40.0,22.106
61,5,488.0,40.0,22.106
62,5,496.0,40.0,22.106
63,5,504.0,40.0,22.157
64,5,512.0,40.0,22.157
65,5,520.0,40.0,22.157
66,5,528.0,40.0,22.157
67,5,536.0,40.0,22.225
68,5,544.0,40.0,22.225
69,5,552.0,40.0,22.225
70,5,560.0,40.0,22.193
71,5,568.0,40.0,22.193
72,5,576.0,40.0,22.193
73,5,584.0,40.0,22.193
74,5,592.0,40.0,21.977
75,5,600.0,40.0,21.977
76,5,608.0,40.0,21.977
77,5,616.0,40.0,21.770
78,5,624.0,40.0,21.770
79,5,632.0,40.0,21.770
80,5,640.0,40.0,21.770
81,5,648.0,40.0,21.663
82,5,656.0,40.0,21.663
83,5,664.0,40.0,21.663
84,5,672.0,40.0,21.663
85,5,680.0,40.0,21.642
86,5,688.0,40.0,21.642
87,5,696.0,40.0,21.642
88,5,704.0,40.0,21.727
89,5,712.0,40.0,21.727
90,5,720.0,40.0,21.727
91,5,728.0,40.0,22.205
92,5,736.0,40.0,22.205
93,5,744.0,40.0,22.205
94,5,752.0,40.0,22.205
95,5,760.0,40.0,23.011
96,5,768.0,40.0,23.011
4,6,32.0,48.0,22.611
5,6,40.0,48.0,22.611
6,6,48.0,48.0,22.611
7,6,56.0,48.0,21.919
8,6,64.0,48.0,21.919
9,6,72.0,48.0,21.919
10,6,80.0,48.0,21.919
11,6,88.0,48.0,21.677
12,6,96.0,48.0,21.677
13,6,104.0,48.0,21.677
14,6,112.0,48.0,21.644
15,6,120.0,48.0,21.644
16,6,128.0,48.0,21.644
17,6,136.0,48.0,21.644
18,6,144.0,48.0,21.703
19,6,152.0,48.0,21.703
20,6,160.0,48.0,21.703
21,6,168.0,48.0,21.703
22,6,176.0,48.0,21.848
23,6,184.0,48.0,21.848
24,6,192.0,48.0,21.848
25,6,200.0,48.0,22.075
26,6,208.0,48.0,22.075
27,6,216.0,48.0,22.075
28,6,224.0,48.0,22.229
29,6,232.0,48.0,22.229
30,6,240.0,48.0,22.229
31,6,248.0,48.0,22.229
32,6,256.0,48.0,22.206
33,6,264.0,48.0,22.206
34,6,272.0,48.0,22.206
35,6,280.0,48.0,22.136
36,6,288.0,48.0,22.136
37,6,296.0,48.0,22.136
38,6,304.0,48.0,22.136
39,6,312.0,48.0,22.087
40,6,320.0,48.0,22.087
41,6,328.0,48.0,22.087
42,6,336.0,48.0,22.087
43,6,344.0,48.0,22.069
44,6,352.0,48.0,22.069
45,6,360.0,48.0,22.069
46,6,368.0,48.0,22.072
47,6,376.0,48.0,22.072
48,6,384.0,48.0,22.072
49,6,392.0,48.0,22.072
50,6,400.0,48.0,22.079
51,6,408.0,48.0,22.079
52,6,416.0,48.0,22.079
53,6,424.0,48.0,22.069
54,6,432.0,48.0,22.069
55,6,440.0,48.0,22.069
56,6,448.0,48.0,22.077
57,6,456.0,48.0,22.077
58,6,464.0,48.0,22.077
59,6,472.0,48.0,22.077
60,6,480.0,48.0,22.106
61,6,488.0,48.0,22.106
62,6,496.0,48.0,22.106
63,6,504.0,48.0,22.157
64,6,512.0,48.0,22.157
65,6,520.0,48.0,22.157
66,6,528.0,48.0,22.157
67,6,536.0,48.0,22.225
68,6,544.0,48.0,22.225
69,6,552.0,48.0,22.225
70,6,560.0,48.0,22.193
71,6,568.0,48.0,22.193
72,6,576.0,48.0,22.193
73,6,584.0,48.0,22.193
74,6,592.0,48.0,21.977
75,6,600.0,48.0,21.977
76,6,608.0,48.0,21.977
77,6,616.0,48.0,21.770
78,6,624.0,48.0,21.770
79,6,632.0,48.0,21.770
80,6,640.0,48.0,21.770
81,6,648.0,48.0,21.663
82,6,656.0,48.0,21.663
83,6,664.0,48.0,21.663
84,6,672.0,48.0,21.663
85,6,680.0,48.0,21.642
86,6,688.0,48.0,21.642
87,6,696.0,48.0,21.642
88,6,704.0,48.0,21.727
89,6,712.0,48.0,21.727
90,6,720.0,48.0,21.727
91,6,728.0,48.0,22.205
92,6,736.0,48.0,22.205
93,6,744.0,48.0,22.205
94,6,752.0,48.0,22.205
95,6,760.0,48.0,23.011
96,6,768.0,48.0,23.011
4,7,32.0,56.0,22.497
5,7,40.0,56.0,22.497
6,7,48.0,56.0,22.497
7,7,56.0,56.0,21.842
8,7,64.0,56.0,21.842
9,7,72.0,56.0,21.842
10,7,80.0,56.0,21.842
11,7,88.0,56.0,21.654
12,7,96.0,56.0,21.654
13,7,104.0,56.0,21.654
14,7,112.0,56.0,21.603
15,7,120.0,56.0,21.603
16,7,128.0,56.0,21.603
17,7,136.0,56.0,21.603
18,7,144.0,56.0,21.614
19,7,152.0,56.0,21.614
20,7,160.0,56.0,21.614
21,7,168.0,56.0,21.614
22,7,176.0,56.0,21.670
23,7,184.0,56.0,21.670
24,7,192.0,56.0,21.670
25,7,200.0,56.0,21.741
26,7,208.0,56.0,21.741
27,7,216.0,56.0,21.741
28,7,224.0,56.0,21.793
29,7,232.0,56.0,21.793
30,7,240.0,56.0,21.793
31,7,248.0,56.0,21.793
32,7,256.0,56.0,21.849
33,7,264.0,56.0,21.849
34,7,272.0,56.0,21.849
35,7,280.0,56.0,21.902
36,7,288.0,56.0,21.902
37,7,296.0,56.0,21.902
38,7,304.0,56.0,21.902
39,7,312.0,56.0,21.949
40,7,320.0,56.0,21.949
41,7,328.0,56.0,21.949
42,7,336.0,56.0,21.949
43,7,344.0,56.0,21.984
44,7,352.0,56.0,21.984
45,7,360.0,56.0,21.984
46,7,368.0,56.0,22.017
47,7,376.0,56.0,22.017
48,7,384.0,56.0,22.017
49,7,392.0,56.0,22.017
50,7,400.0,56.0,22.032
51,7,408.0,56.0,22.032
52,7,416.0,56.0,22.032
53,7,424.0,56.0,22.004
54,7,432.0,56.0,22.004
55,7,440.0,56.0,22.004
56,7,448.0,56.0,21.963
57,7,456.0,56.0,21.963
58,7,464.0,56.0,21.963
59,7,472.0,56.0,21.963
60,7,480.0,56.0,21.926
61,7,488.0,56.0,21.926
62,7,496.0,56.0,21.926
63,7,504.0,56.0,21.883
64,7,512.0,56.0,21.883
65,7,520.0,56.0,21.883
66,7,528.0,56.0,21.883
67,7,536.0,56.0,21.830
68,7,544.0,56.0,21.830
69,7,552.0,56.0,21.830
70,7,560.0,56.0,21.777
71,7,568.0,56.0,21.777
72,7,576.0,56.0,21.777
73,7,584.0,56.0,21.777
74,7,592.0,56.0,21.709
75,7,600.0,56.0,21.709
76,7,608.0,56.0,21.709
77,7,616.0,56.0,21.644
78,7,624.0,56.0,21.644
79,7,632.0,56.0,21.644
80,7,640.0,56.0,21.644
81,7,648.0,56.0,21.603
82,7,656.0,56.0,21.603
83,7,664.0,56.0,21.603
84,7,672.0,56.0,21.603
85,7,680.0,56.0,21.611
86,7,688.0,56.0,21.611
87,7,696.0,56.0,21.611
88,7,704.0,56.0,21.692
89,7,712.0,56.0,21.692
90,7,720.0,56.0,21.692
91,7,728.0,56.0,22.096
92,7,736.0,56.0,22.096
93,7,744.0,56.0,22.096
94,7,752.0,56.0,22.096
95,7,760.0,56.0,22.956
96,7,768.0,56.0,22.956
4,8,32.0,64.0,22.497
5,8,40.0,64.0,22.497
6,8,48.0,64.0,22.497
7,8,56.0,64.0,21.842
8,8,64.0,64.0,21.842
9,8,72.0,64.0,21.842
10,8,80.0,64.0,21.842
11,8,88.0,64.0,21.654
12,8,96.0,64.0,21.654
13,8,104.0,64.0,21.654
14,8,112.0,64.0,21.603
15,8,120.0,64.0,21.603
16,8,128.0,64.0,21.603
17,8,136.0,64.0,21.603
18,8,144.0,64.0,21.614
19,8,152.0,64.0,21.614
20,8,160.0,64.0,21.614
21,8,168.0,64.0,21.614
22,8,176.0,64.0,21.670
23,8,184.0,64.0,21.670
24,8,192.0,64.0,21.670
25,8,200.0,64.0,21.741
26,8,208.0,64.0,21.741
27,8,216.0,64.0,21.741
28,8,224.0,64.0,21.793
29,8,232.0,64.0,21.793
30,8,240.0,64.0,21.793
31,8,248.0,64.0,21.793
32,8,256.0,64.0,21.849
33,8,264.0,64.0,21.849
34,8,272.0,64.0,21.849
35,8,280.0,64.0,21.902
36,8,288.0,64.0,21.902
37,8,296.0,64.0,21.902
38,8,304.0,64.0,21.902
39,8,312.0,64.0,21.949
40,8,320.0,64.0,21.949
41,8,328.0,64.0,21.949
42,8,336.0,64.0,21.949
43,8,344.0,64.0,21.984
44,8,352.0,64.0,21.984
45,8,360.0,64.0,21.984
46,8,368.0,64.0,22.017
47,8,376.0,64.0,22.017
48,8,384.0,64.0,22.017
49,8,392.0,64.0,22.017
50,8,400.0,64.0,22.032
51,8,408.0,64.0,22.032
52,8,416.0,64.0,22.032
53,8,424.0,64.0,22.004
54,8,432.0,64.0,22.004
55,8,440.0,64.0,22.004
56,8,448.0,64.0,21.963
57,8,456.0,64.0,21.963
58,8,464.0,64.0,21.963
59,8,472.0,64.0,21.963
60,8,480.0,64.0,21.926
61,8,488.0,64.0,21.926
62,8,496.0,64.0,21.926
63,8,504.0,64.0,21.883
64,8,512.0,64.0,21.883
65,8,520.0,64.0,21.883
66,8,528.0,64.0,21.883
67,8,536.0,64.0,21.830
68,8,544.0,64.0,21.830
69,8,552.0,64.0,21.830
70,8,560.0,64.0,21.777
71,8,568.0,64.0,21.777
72,8,576.0,64.0,21.777
73,8,584.0,64.0,21.777
74,8,592.0,64.0,21.709
75,8,600.0,64.0,21.709
76,8,608.0,64.0,21.709
77,8,616.0,64.0,21.644
78,8,624.0,64.0,21.644
79,8,632.0,64.0,21.644
80,8,640.0,64.0,21.644
81,8,648.0,64.0,21.603
82,8,656.0,64.0,21.603
83,8,664.0,64.0,21.603
84,8,672.0,64.0,21.603
85,8,680.0,64.0,21.611
86,8,688.0,64.0,21.611
87,8,696.0,64.0,21.611
88,8,704.0,64.0,21.692
89,8,712.0,64.0,21.692
90,8,720.0,64.0,21.692
91,8,728.0,64.0,22.096
92,8,736.0,64.0,22.096
93,8,744.0,64.0,22.096
94,8,752.0,64.0,22.096
95,8,760.0,64.0,22.956
96,8,768.0,64.0,22.956
4,9,32.0,72.0,22.497
5,9,40.0,72.0,22.497
6,9,48.0,72.0,22.497
7,9,56.0,72.0,21.842
8,9,64.0,72.0,21.842
9,9,72.0,72.0,21.842
10,9,80.0,72.0,21.842
11,9,88.0,72.0,21.654
12,9,96.0,72.0,21.654
13,9,104.0,72.0,21.654
14,9,112.0,72.0,21.603
15,9,120.0,72.0,21.603
16,9,128.0,72.0,21.603
17,9,136.0,72.0,21.603
18,9,144.0,72.0,21.614
19,9,152.0,72.0,21.614
20,9,160.0,72.0,21.614
21,9,168.0,72.0,21.614
22,9,176.0,72.0,21.670
23,9,184.0,72.0,21.670
24,9,192.0,72.0,21.670
25,9,200.0,72.0,21.741
26,9,208.0,72.0,21.741
27,9,216.0,72.0,21.741
28,9,224.0,72.0,21.793
29,9,232.0,72.0,21.793
30,9,240.0,72.0,21.793
31,9,248.0,72.0,21.793
32,9,256.0,72.0,21.849
33,9,264.0,72.0,21.849
34,9,272.0,72.0,21.849
35,9,280.0,72.0,21.902
36,9,288.0,72.0,21.902
37,9,296.0,72.0,21.902
38,9,304.0,72.0,21.902
39,9,312.0,72.0,21.949
40,9,320.0,72.0,21.949
41,9,328.0,72.0,21.949
42,9,336.0,72.0,21.949
43,9,344.0,72.0,21.984
44,9,352.0,72.0,21.984
45,9,360.0,72.0,21.984
46,9,368.0,72.0,22.017
47,9,376.0,72.0,22.017
48,9,384.0,72.0,22.017
49,9,392.0,72.0,22.017
50,9,400.0,72.0,22.032
51,9,408.0,72.0,22.032
52,9,416.0,72.0,22.032
53,9,424.0,72.0,22.004
54,9,432.0,72.0,22.004
55,9,440.0,72.0,22.004
56,9,448.0,72.0,21.963
57,9,456.0,72.0,21.963
58,9,464.0,72.0,21.963
59,9,472.0,72.0,21.963
60,9,480.0,72.0,21.926
61,9,488.0,72.0,21.926
62,9,496.0,72.0,21.926
63,9,504.0,72.0,21.883
64,9,512.0,72.0,21.883
65,9,520.0,72.0,21.883
66,9,528.0,72.0,21.883
67,9,536.0,72.0,21.830
68,9,544.0,72.0,21.830
69,9,552.0,72.0,21.830
70,9,560.0,72.0,21.777
71,9,568.0,72.0,21.777
72,9,576.0,72.0,21.777
73,9,584.0,72.0,21.777
74,9,592.0,72.0,21.709
75,9,600.0,72.0,21.709
76,9,608.0,72.0,21.709
77,9,616.0,72.0,21.644
78,9,624.0,72.0,21.644
79,9,632.0,72.0,21.644
80,9,640.0,72.0,21.644
81,9,648.0,72.0,21.603
82,9,656.0,72.0,21.603
83,9,664.0,72.0,21.603
84,9,672.0,72.0,21.603
85,9,680.0,72.0,21.611
86,9,688.0,72.0,21.611
87,9,696.0,72.0,21.611
88,9,704.0,72.0,21.692
89,9,712.0,72.0,21.692
90,9,720.0,72.0,21.692
91,9,728.0,72.0,22.096
92,9,736.0,72.0,22.096
93,9,744.0,72.0,22.096
94,9,752.0,72.0,22.096
95,9,760.0,72.0,22.956
96,9,768.0,72.0,22.956
4,10,32.0,80.0,22.497
5,10,40.0,80.0,22.497
6,10,48.0,80.0,22.497
7,10,56.0,80.0,21.842
8,10,64.0,80.0,21.842
9,10,72.0,80.0,21.842
10,10,80.0,80.0,21.842
11,10,88.0,80.0,21.654
12,10,96.0,80.0,21.654
13,10,104.0,80.0,21.654
14,10,112.0,80.0,21.603
15,10,120.0,80.0,21.603
16,10,128.0,80.0,21.603
17,10,136.0,80.0,21.603
18,10,144.0,80.0,21.614
19,10,152.0,80.0,21.614
20,10,160.0,80.0,21.614
21,10,168.0,80.0,21.614
22,10,176.0,80.0,21.670
23,10,184.0,80.0,21.670
24,10,192.0,80.0,21.670
25,10,200.0,80.0,21.741
26,10,208.0,80.0,21.741
27,10,216.0,80.0,21.741
28,10,224.0,80.0,21.793
29,10,232.0,80.0,21.793
30,10,240.0,80.0,21.793
31,10,248.0,80.0,21.793
32,10,256.0,80.0,21.849
33,10,264.0,80.0,21.849
34,10,272.0,80.0,21.849
35,10,280.0,80.0,21.902
36,10,288.0,80.0,21.902
37,10,296.0,80.0,21.902
38,10,304.0,80.0,21.902
39,10,312.0,80.0,21.949
40,10,320.0,80.0,21.949
41,10,328.0,80.0,21.949
42,10,336.0,80.0,21.949
43,10,344.0,80.0,21.984
44,10,352.0,80.0,21.984
45,10,360.0,80.0,21.984
46,10,368.0,80.0,22.017
47,10,376.0,80.0,22.017
48,10,384.0,80.0,22.017
49,10,392.0,80.0,22.017
50,10,400.0,80.0,22.032
51,10,408.0,80.0,22.032
52,10,416.0,80.0,22.032
53,10,424.0,80.0,22.004
54,10,432.0,80.0,22.004
55,10,440.0,80.0,22.004
56,10,448.0,80.0,21.963
57,10,456.0,80.0,21.963
58,10,464.0,80.0,21.963
59,10,472.0,80.0,21.963
60,10,480.0,80.0,21.926
61,10,488.0,80.0,21.926
62,10,496.0,80.0,21.926
63,10,504.0,80.0,21.883
64,10,512.0,80.0,21.883
65,10,520.0,80.0,21.883
66,10,528.0,80.0,21.883
67,10,536.0,80.0,21.830
68,10,544.0,80.0,21.830
69,10,552.0,80.0,21.830
70,10,560.0,80.0,21.777
71,10,568.0,80.0,21.777
72,10,576.0,80.0,21.777
73,10,584.0,80.0,21.777
74,10,592.0,80.0,21.709
75,10,600.0,80.0,21.709
76,10,608.0,80.0,21.709
77,10,616.0,80.0,21.644
78,10,624.0,80.0,21.644
79,10,632.0,80.0,21.644
80,10,640.0,80.0,21.644
81,10,648.0,80.0,21.603
82,10,656.0,80.0,21.603
83,10,664.0,80.0,21.603
84,10,672.0,80.0,21.603
85,10,680.0,80.0,21.611
86,10,688.0,80.0,21.611
87,10,696.0,80.0,21.611
88,10,704.0,80.0,21.692
89,10,712.0,80.0,21.692
90,10,720.0,80.0,21.692
91,10,728.0,80.0,22.096
92,10,736.0,80.0,22.096
93,10,744.0,80.0,22.096
94,10,752.0,80.0,22.096
95,10,760.0,80.0,22.956
96,10,768.0,80.0,22.956
4,11,32.0,88.0,22.331
5,11,40.0,88.0,22.331
6,11,48.0,88.0,22.331
7,11,56.0,88.0,21.825
8,11,64.0,88.0,21.825
9,11,72.0,88.0,21.825
10,11,80.0,88.0,21.825
11,11,88.0,88.0,21.667
12,11,96.0,88.0,21.667
13,11,104.0,88.0,21.667
14,11,112.0,88.0,21.582
15,11,120.0,88.0,21.582
16,11,128.0,88.0,21.582
17,11,136.0,88.0,21.582
18,11,144.0,88.0,21.557
19,11,152.0,88.0,21.557
20,11,160.0,88.0,21.557
21,11,168.0,88.0,21.557
22,11,176.0,88.0,21.586
23,11,184.0,88.0,21.586
24,11,192.0,88.0,21.586
25,11,200.0,88.0,21.630
26,11,208.0,88.0,21.630
27,11,216.0,88.0,21.630
28,11,224.0,88.0,21.670
29,11,232.0,88.0,21.670
30,11,240.0,88.0,21.670
31,11,248.0,88.0,21.670
32,11,256.0,88.0,21.751
33,11,264.0,88.0,21.751
34,11,272.0,88.0,21.751
35,11,280.0,88.0,21.845
36,11,288.0,88.0,21.845
37,11,296.0,88.0,21.845
38,11,304.0,88.0,21.845
39,11,312.0,88.0,21.926
40,11,320.0,88.0,21.926
41,11,328.0,88.0,21.926
42,11,336.0,88.0,21.926
43,11,344.0,88.0,21.973
44,11,352.0,88.0,21.973
45,11,360.0,88.0,21.973
46,11,368.0,88.0,22.008
47,11,376.0,88.0,22.008
48,11,384.0,88.0,22.008
49,11,392.0,88.0,22.008
50,11,400.0,88.0,22.022
51,11,408.0,88.0,22.022
52,11,416.0,88.0,22.022
53,11,424.0,88.0,21.996
54,11,432.0,88.0,21.996
55,11,440.0,88.0,21.996
56,11,448.0,88.0,21.946
57,11,456.0,88.0,21.946
58,11,464.0,88.0,21.946
59,11,472.0,88.0,21.946
60,11,480.0,88.0,21.890
61,11,488.0,88.0,21.890
62,11,496.0,88.0,21.890
63,11,504.0,88.0,21.814
64,11,512.0,88.0,21.814
65,11,520.0,88.0,21.814
66,11,528.0,88.0,21.814
67,11,536.0,88.0,21.721
68,11,544.0,88.0,21.721
69,11,552.0,88.0,21.721
70,11,560.0,88.0,21.660
71,11,568.0,88.0,21.660
72,11,576.0,88.0,21.660
73,11,584.0,88.0,21.660
74,11,592.0,88.0,21.603
75,11,600.0,88.0,21.603
76,11,608.0,88.0,21.603
77,11,616.0,88.0,21.574
78,11,624.0,88.0,21.574
79,11,632.0,88.0,21.574
80,11,640.0,88.0,21.574
81,11,648.0,88.0,21.567
82,11,656.0,88.0,21.567
83,11,664.0,88.0,21.567
84,11,672.0,88.0,21.567
85,11,680.0,88.0,21.604
86,11,688.0,88.0,21.604
87,11,696.0,88.0,21.604
88,11,704.0,88.0,21.703
89,11,712.0,88.0,21.703
90,11,720.0,88.0,21.703
91,11,728.0,88.0,22.009
92,11,736.0,88.0,22.009
93,11,744.0,88.0,22.009
94,11,752.0,88.0,22.009
95,11,760.0,88.0,22.768
96,11,768.0,88.0,22.768
4,12,32.0,96.0,22.331
5,12,40.0,96.0,22.331
6,12,48.0,96.0,22.331
7,12,56.0,96.0,21.825
8,12,64.0,96.0,21.825
9,12,72.0,96.0,21.825
10,12,80.0,96.0,21.825
11,12,88.0,96.0,21.667
12,12,96.0,96.0,21.667
13,12,104.0,96.0,21.667
14,12,112.0,96.0,21.582
15,12,120.0,96.0,21.582
16,12,128.0,96.0,21.582
17,12,136.0,96.0,21.582
18,12,144.0,96.0,21.557
19,12,152.0,96.0,21.557
20,12,160.0,96.0,21.557
21,12,168.0,96.0,21.557
22,12,176.0,96.0,21.586
23,12,184.0,96.0,21.586
24,12,192.0,96.0,21.586
25,12,200.0,96.0,21.630
26,12,208.0,96.0,21.630
27,12,216.0,96.0,21.630
28,12,224.0,96.0,21.670
29,12,232.0,96.0,21.670
30,12,240.0,96.0,21.670
31,12,248.0,96.0,21.670
32,12,256.0,96.0,21.751
33,12,264.0,96.0,21.751
34,12,272.0,96.0,21.751
35,12,280.0,96.0,21.845
36,12,288.0,96.0,21.845
37,12,296.0,96.0,21.845
38,12,304.0,96.0,21.845
39,12,312.0,96.0,21.926
40,12,320.0,96.0,21.926
41,12,328.0,96.0,21.926
42,12,336.0,96.0,21.926
43,12,344.0,96.0,21.973
44,12,352.0,96.0,21.973
45,12,360.0,96.0,21.973
46,12,368.0,96.0,22.008
47,12,376.0,96.0,22.008
48,12,384.0,96.0,22.008
49,12,392.0,96.0,22.008
50,12,400.0,96.0,22.022
51,12,408.0,96.0,22.022
52,12,416.0,96.0,22.022
53,12,424.0,96.0,21.996
54,12,432.0,96.0,21.996
55,12,440.0,96.0,21.996
56,12,448.0,96.0,21.946
57,12,456.0,96.0,21.946
58,12,464.0,96.0,21.946
59,12,472.0,96.0,21.946
60,12,480.0,96.0,21.890
61,12,488.0,96.0,21.890
62,12,496.0,96.0,21.890
63,12,504.0,96.0,21.814
64,12,512.0,96.0,21.814
65,12,520.0,96.0,21.814
66,12,528.0,96.0,21.814
67,12,536.0,96.0,21.721
68,12,544.0,96.0,21.721
69,12,552.0,96.0,21.721
70,12,560.0,96.0,21.660
71,12,568.0,96.0,21.660
72,12,576.0,96.0,21.660
73,12,584.0,96.0,21.660
74,12,592.0,96.0,21.603
75,12,600.0,96.0,21.603
76,12,608.0,96.0,21.603
77,12,616.0,96.0,21.574
78,12,624.0,96.0,21.574
79,12,632.0,96.0,21.574
80,12,640.0,96.0,21.574
81,12,648.0,96.0,21.567
82,12,656.0,96.0,21.567
83,12,664.0,96.0,21.567
84,12,672.0,96.0,21.567
85,12,680.0,96.0,21.604
86,12,688.0,96.0,21.604
87,12,696.0,96.0,21.604
88,12,704.0,96.0,21.703
89,12,712.0,96.0,21.703
90,12,720.0,96.0,21.703
91,12,728.0,96.0,22.009
92,12,736.0,96.0,22.009
93,12,744.0,96.0,22.009
94,12,752.0,96.0,22.009
95,12,760.0,96.0,22.768
96,12,768.0,96.0,22.768
4,13,32.0,104.0,22.331
5,13,40.0,104.0,22.331
6,13,48.0,104.0,22.331
7,13,56.0,104.0,21.825
8,13,64.0,104.0,21.825
9,13,72.0,104.0,21.825
10,13,80.0,104.0,21.825
11,13,88.0,104.0,21.667
12,13,96.0,104.0,21.667
13,13,104.0,104.0,21.667
14,13,112.0,104.0,21.582
15,13,120.0,104.0,21.582
16,13,128.0,104.0,21.582
17,13,136.0,104.0,21.582
18,13,144.0,104.0,21.557
19,13,152.0,104.0,21.557
20,13,160.0,104.0,21.557
21,13,168.0,104.0,21.557
22,13,176.0,104.0,21.586
23,13,184.0,104.0,21.586
24,13,192.0,104.0,21.586
25,13,200.0,104.0,21.630
26,13,208.0,104.0,21.630
27,13,216.0,104.0,21.630
28,13,224.0,104.0,21.670
29,13,232.0,104.0,21.670
30,13,240.0,104.0,21.670
31,13,248.0,104.0,21.670
32,13,256.0,104.0,21.751
33,13,264.0,104.0,21.751
34,13,272.0,104.0,21.751
35,13,280.0,104.0,21.845
36,13,288.0,104.0,21.845
37,13,296.0,104.0,21.845
38,13,304.0,104.0,21.845
39,13,312.0,104.0,21.926
40,13,320.0,104.0,21.926
41,13,328.0,104.0,21.926
42,13,336.0,104.0,21.926
43,13,344.0,104.0,21.973
44,13,352.0,104.0,21.973
45,13,360.0,104.0,21.973
46,13,368.0,104.0,22.008
47,13,376.0,104.0,22.008
48,13,384.0,104.0,22.008
49,13,392.0,104.0,22.008
50,13,400.0,104.0,22.022
51,13,408.0,104.0,22.022
52,13,416.0,104.0,22.022
53,13,424.0,104.0,21.996
54,13,432.0,104.0,21.996
55,13,440.0,104.0,21.996
56,13,448.0,104.0,21.946
57,13,456.0,104.0,21.946
58,13,464.0,104.0,21.946
59,13,472.0,104.0,21.946
60,13,480.0,104.0,21.890
61,13,488.0,104.0,21.890
62,13,496.0,104.0,21.890
63,13,504.0,104.0,21.814
64,13,512.0,104.0,21.814
65,13,520.0,104.0,21.814
66,13,528.0,104.0,21.814
67,13,536.0,104.0,21.721
68,13,544.0,104.0,21.721
69,13,552.0,104.0,21.721
70,13,560.0,104.0,21.660
71,13,568.0,104.0,21.660
72,13,576.0,104.0,21.660
73,13,584.0,104.0,21.660
74,13,592.0,104.0,21.603
75,13,600.0,104.0,21.603
76,13,608.0,104.0,21.603
77,13,616.0,104.0,21.574
78,13,624.0,104.0,21.574
79,13,632.0,104.0,21.574
80,13,640.0,104.0,21.574
81,13,648.0,104.0,21.567
82,13,656.0,104.0,21.567
83,13,664.0,104.0,21.567
84,13,672.0,104.0,21.567
85,13,680.0,104.0,21.604
86,13,688.0,104.0,21.604
87,13,696.0,104.0,21.604
88,13,704.0,104.0,21.703
89,13,712.0,104.0,21.703
90,13,720.0,104.0,21.703
91,13,728.0,104.0,22.009
92,13,736.0,104.0,22.009
93,13,744.0,104.0,22.009
94,13,752.0,104.0,22.009
95,13,760.0,104.0,22.768
96,13,768.0,104.0,22.768
4,14,32.0,112.0,22.210
5,14,40.0,112.0,22.210
6,14,48.0,112.0,22.210
7,14,56.0,112.0,21.916
8,14,64.0,112.0,21.916
9,14,72.0,112.0,21.916
10,14,80.0,112.0,21.916
11,14,88.0,112.0,21.734
12,14,96.0,112.0,21.734
13,14,104.0,112.0,21.734
14,14,112.0,112.0,21.583
15,14,120.0,112.0,21.583
16,14,128.0,112.0,21.583
17,14,136.0,112.0,21.583
18,14,144.0,112.0,21.517
19,14,152.0,112.0,21.517
20,14,160.0,112.0,21.517
21,14,168.0,112.0,21.517
22,14,176.0,112.0,21.544
23,14,184.0,112.0,21.544
24,14,192.0,112.0,21.544
25,14,200.0,112.0,21.590
26,14,208.0,112.0,21.590
27,14,216.0,112.0,21.590
28,14,224.0,112.0,21.628
29,14,232.0,112.0,21.628
30,14,240.0,112.0,21.628
31,14,248.0,112.0,21.628
32,14,256.0,112.0,21.724
33,14,264.0,112.0,21.724
34,14,272.0,112.0,21.724
35,14,280.0,112.0,21.843
36,14,288.0,112.0,21.843
37,14,296.0,112.0,21.843
38,14,304.0,112.0,21.843
39,14,312.0,112.0,21.945
40,14,320.0,112.0,21.945
41,14,328.0,112.0,21.945
42,14,336.0,112.0,21.945
43,14,344.0,112.0,21.991
44,14,352.0,112.0,21.991
45,14,360.0,112.0,21.991
46,14,368.0,112.0,22.017
47,14,376.0,112.0,22.017
48,14,384.0,112.0,22.017
49,14,392.0,112.0,22.017
50,14,400.0,112.0,22.026
51,14,408.0,112.0,22.026
52,14,416.0,112.0,22.026
53,14,424.0,112.0,22.009
54,14,432.0,112.0,22.009
55,14,440.0,112.0,22.009
56,14,448.0,112.0,21.966
57,14,456.0,112.0,21.966
58,14,464.0,112.0,21.966
59,14,472.0,112.0,21.966
60,14,480.0,112.0,21.903
61,14,488.0,112.0,21.903
62,14,496.0,112.0,21.903
63,14,504.0,112.0,21.803
64,14,512.0,112.0,21.803
65,14,520.0,112.0,21.803
66,14,528.0,112.0,21.803
67,14,536.0,112.0,21.689
68,14,544.0,112.0,21.689
69,14,552.0,112.0,21.689
70,14,560.0,112.0,21.622
71,14,568.0,112.0,21.622
72,14,576.0,112.0,21.622
73,14,584.0,112.0,21.622
74,14,592.0,112.0,21.555
75,14,600.0,112.0,21.555
76,14,608.0,112.0,21.555
77,14,616.0,112.0,21.533
78,14,624.0,112.0,21.533
79,14,632.0,112.0,21.533
80,14,640.0,112.0,21.533
81,14,648.0,112.0,21.547
82,14,656.0,112.0,21.547
83,14,664.0,112.0,21.547
84,14,672.0,112.0,21.547
85,14,680.0,112.0,21.626
86,14,688.0,112.0,21.626
87,14,696.0,112.0,21.626
88,14,704.0,112.0,21.784
89,14,712.0,112.0,21.784
90,14,720.0,112.0,21.784
91,14,728.0,112.0,22.038
92,14,736.0,112.0,22.038
93,14,744.0,112.0,22.038
94,14,752.0,112.0,22.038
95,14,760.0,112.0,22.461
96,14,768.0,112.0,22.461
4,15,32.0,120.0,22.210
5,15,40.0,120.0,22.210
6,15,48.0,120.0,22.210
7,15,56.0,120.0,21.916
8,15,64.0,120.0,21.916
9,15,72.0,120.0,21.916
10,15,80.0,120.0,21.916
11,15,88.0,120.0,21.734
12,15,96.0,120.0,21.734
13,15,104.0,120.0,21.734
14,15,112.0,120.0,21.583
15,15,120.0,120.0,21.583
16,15,128.0,120.0,21.583
17,15,136.0,120.0,21.583
18,15,144.0,120.0,21.517
19,15,152.0,120.0,21.517
20,15,160.0,120.0,21.517
21,15,168.0,120.0,21.517
22,15,176.0,120.0,21.544
23,15,184.0,120.0,21.544
24,15,192.0,120.0,21.544
25,15,200.0,120.0,21.590
26,15,208.0,120.0,21.590
27,15,216.0,120.0,21.590
28,15,224.0,120.0,21.628
29,15,232.0,120.0,21.628
30,15,240.0,120.0,21.628
31,15,248.0,120.0,21.628
32,15,256.0,120.0,21.724
33,15,264.0,120.0,21.724
34,15,272.0,120.0,21.724
35,15,280.0,120.0,21.843
36,15,288.0,120.0,21.843
37,15,296.0,120.0,21.843
38,15,304.0,120.0,21.843
39,15,312.0,120.0,21.945
40,15,320.0,120.0,21.945
41,15,328.0,120.0,21.945
42,15,336.0,120.0,21.945
43,15,344.0,120.0,21.991
44,15,352.0,120.0,21.991
45,15,360.0,120.0,21.991
46,15,368.0,120.0,22.017
47,15,376.0,120.0,22.017
48,15,384.0,120.0,22.017
49,15,392.0,120.0,22.017
50,15,400.0,120.0,22.026
51,15,408.0,120.0,22.026
52,15,416.0,120.0,22.026
53,15,424.0,120.0,22.009
54,15,432.0,120.0,22.009
55,15,440.0,120.0,22.009
56,15,448.0,120.0,21.966
57,15,456.0,120.0,21.966
58,15,464.0,120.0,21.966
59,15,472.0,120.0,21.966
60,15,480.0,120.0,21.903
61,15,488.0,120.0,21.903
62,15,496.0,120.0,21.903
63,15,504.0,120.0,21.803
64,15,512.0,120.0,21.803
65,15,520.0,120.0,21.803
66,15,528.0,120.0,21.803
67,15,536.0,120.0,21.689
68,15,544.0,120.0,21.689
69,15,552.0,120.0,21.689
70,15,560.0,120.0,21.622
71,15,568.0,120.0,21.622
72,15,576.0,120.0,21.622
73,15,584.0,120.0,21.622
74,15,592.0,120.0,21.555
75,15,600.0,120.0,21.555
76,15,608.0,120.0,21.555
77,15,616.0,120.0,21.533
78,15,624.0,120.0,21.533
79,15,632.0,120.0,21.533
80,15,640.0,120.0,21.533
81,15,648.0,120.0,21.547
82,15,656.0,120.0,21.547
83,15,664.0,120.0,21.547
84,15,672.0,120.0,21.547
85,15,680.0,120.0,21.626
86,15,688.0,120.0,21.626
87,15,696.0,120.0,21.626
88,15,704.0,120.0,21.784
89,15,712.0,120.0,21.784
90,15,720.0,120.0,21.784
91,15,728.0,120.0,22.038
92,15,736.0,120.0,22.038
93,15,744.0,120.0,22.038
94,15,752.0,120.0,22.038
95,15,760.0,120.0,22.461
96,15,768.0,120.0,22.461
4,16,32.0,128.0,22.210
5,16,40.0,128.0,22.210
6,16,48.0,128.0,22.210
7,16,56.0,128.0,21.916
8,16,64.0,128.0,21.916
9,16,72.0,128.0,21.916
10,16,80.0,128.0,21.916
11,16,88.0,128.0,21.734
12,16,96.0,128.0,21.734
13,16,104.0,128.0,21.734
14,16,112.0,128.0,21.583
15,16,120.0,128.0,21.583
16,16,128.0,128.0,21.583
17,16,136.0,128.0,21.583
18,16,144.0,128.0,21.517
19,16,152.0,128.0,21.517
20,16,160.0,128.0,21.517
21,16,168.0,128.0,21.517
22,16,176.0,128.0,21.544
23,16,184.0,128.0,21.544
24,16,192.0,128.0,21.544
25,16,200.0,128.0,21.590
26,16,208.0,128.0,21.590
27,16,216.0,128.0,21.590
28,16,224.0,128.0,21.628
29,16,232.0,128.0,21.628
30,16,240.0,128.0,21.628
31,16,248.0,128.0,21.628
32,16,256.0,128.0,21.724
33,16,264.0,128.0,21.724
34,16,272.0,128.0,21.724
35,16,280.0,128.0,21.843
36,16,288.0,128.0,21.843
37,16,296.0,128.0,21.843
38,16,304.0,128.0,21.843
39,16,312.0,128.0,21.945
40,16,320.0,128.0,21.945
41,16,328.0,128.0,21.945
42,16,336.0,128.0,21.945
43,16,344.0,128.0,21.991
44,16,352.0,128.0,21.991
45,16,360.0,128.0,21.991
46,16,368.0,128.0,22.017
47,16,376.0,128.0,22.017
48,16,384.0,128.0,22.017
49,16,392.0,128.0,22.017
50,16,400.0,128.0,22.026
51,16,408.0,128.0,22.026
52,16,416.0,128.0,22.026
53,16,424.0,128.0,22.009
54,16,432.0,128.0,22.009
55,16,440.0,128.0,22.009
56,16,448.0,128.0,21.966
57,16,456.0,128.0,21.966
58,16,464.0,128.0,21.966
59,16,472.0,128.0,21.966
60,16,480.0,128.0,21.903
61,16,488.0,128.0,21.903
62,16,496.0,128.0,21.903
63,16,504.0,128.0,21.803
64,16,512.0,128.0,21.803
65,16,520.0,128.0,21.803
66,16,528.0,128.0,21.803
67,16,536.0,128.0,21.689
68,16,544.0,128.0,21.689
69,16,552.0,128.0,21.689
70,16,560.0,128.0,21.622
71,16,568.0,128.0,21.622
72,16,576.0,128.0,21.622
73,16,584.0,128.0,21.622
74,16,592.0,128.0,21.555
75,16,600.0,128.0,21.555
76,16,608.0,128.0,21.555
77,16,616.0,128.0,21.533
78,16,624.0,128.0,21.533
79,16,632.0,128.0,21.533
80,16,640.0,128.0,21.533
81,16,648.0,128.0,21.547
82,16,656.0,128.0,21.547
83,16,664.0,128.0,21.547
84,16,672.0,128.0,21.547
85,16,680.0,128.0,21.626
86,16,688.0,128.0,21.626
87,16,696.0,128.0,21.626
88,16,704.0,128.0,21.784
89,16,712.0,128.0,21.784
90,16,720.0,128.0,21.784
91,16,728.0,128.0,22.038
92,16,736.0,128.0,22.038
93,16,744.0,128.0,22.038
94,16,752.0,128.0,22.038
95,16,760.0,128.0,22.461
96,16,768.0,128.0,22.461
4,17,32.0,136.0,22.210
5,17,40.0,136.0,22.210
6,17,48.0,136.0,22.210
7,17,56.0,136.0,21.916
8,17,64.0,136.0,21.916
9,17,72.0,136.0,21.916
10,17,80.0,136.0,21.916
11,17,88.0,136.0,21.734
12,17,96.0,136.0,21.734
13,17,104.0,136.0,21.734
14,17,112.0,136.0,21.583
15,17,120.0,136.0,21.583
16,17,128.0,136.0,21.583
17,17,136.0,136.0,21.583
18,17,144.0,136.0,21.517
19,17,152.0,136.0,21.517
20,17,160.0,136.0,21.517
21,17,168.0,136.0,21.517
22,17,176.0,136.0,21.544
23,17,184.0,136.0,21.544
24,17,192.0,136.0,21.544
25,17,200.0,136.0,21.590
26,17,208.0,136.0,21.590
27,17,216.0,136.0,21.590
28,17,224.0,136.0,21.628
29,17,232.0,136.0,21.628
30,17,240.0,136.0,21.628
31,17,248.0,136.0,21.628
32,17,256.0,136.0,21.724
33,17,264.0,136.0,21.724
34,17,272.0,136.0,21.724
35,17,280.0,136.0,21.843
36,17,288.0,136.0,21.843
37,17,296.0,136.0,21.843
38,17,304.0,136.0,21.843
39,17,312.0,136.0,21.945
40,17,320.0,136.0,21.945
41,17,328.0,136.0,21.945
42,17,336.0,136.0,21.945
43,17,344.0,136.0,21.991
44,17,352.0,136.0,21.991
45,17,360.0,136.0,21.991
46,17,368.0,136.0,22.017
47,17,376.0,136.0,22.017
48,17,384.0,136.0,22.017
49,17,392.0,136.0,22.017
50,17,400.0,136.0,22.026
51,17,408.0,136.0,22.026
52,17,416.0,136.0,22.026
53,17,424.0,136.0,22.009
54,17,432.0,136.0,22.009
55,17,440.0,136.0,22.009
56,17,448.0,136.0,21.966
57,17,456.0,136.0,21.966
58,17,464.0,136.0,21.966
59,17,472.0,136.0,21.966
60,17,480.0,136.0,21.903
61,17,488.0,136.0,21.903
62,17,496.0,136.0,21.903
63,17,504.0,136.0,21.803
64,17,512.0,136.0,21.803
65,17,520.0,136.0,21.803
66,17,528.0,136.0,21.803
67,17,536.0,136.0,21.689
68,17,544.0,136.0,21.689
69,17,552.0,136.0,21.689
70,17,560.0,136.0,21.622
71,17,568.0,136.0,21.622
72,17,576.0,136.0,21.622
73,17,584.0,136.0,21.622
74,17,592.0,136.0,21.555
75,17,600.0,136.0,21.555
76,17,608.0,136.0,21.555
77,17,616.0,136.0,21.533
78,17,624.0,136.0,21.533
79,17,632.0,136.0,21.533
80,17,640.0,136.0,21.533
81,17,648.0,136.0,21.547
82,17,656.0,136.0,21.547
83,17,664.0,136.0,21.547
84,17,672.0,136.0,21.547
85,17,680.0,136.0,21.626
86,17,688.0,136.0,21.626
87,17,696.0,136.0,21.626
88,17,704.0,136.0,21.784
89,17,712.0,136.0,21.784
90,17,720.0,136.0,21.784
91,17,728.0,136.0,22.038
92,17,736.0,136.0,22.038
93,17,744.0,136.0,22.038
94,17,752.0,136.0,22.038
95,17,760.0,136.0,22.461
96,17,768.0,136.0,22.461
4,18,32.0,144.0,22.333
5,18,40.0,144.0,22.333
6,18,48.0,144.0,22.333
7,18,56.0,144.0,22.155
8,18,64.0,144.0,22.155
9,18,72.0,144.0,22.155
10,18,80.0,144.0,22.155
11,18,88.0,144.0,21.894
12,18,96.0,144.0,21.894
13,18,104.0,144.0,21.894
14,18,112.0,144.0,21.622
15,18,120.0,144.0,21.622
16,18,128.0,144.0,21.622
17,18,136.0,144.0,21.622
18,18,144.0,144.0,21.474
19,18,152.0,144.0,21.474
20,18,160.0,144.0,21.474
21,18,168.0,144.0,21.474
22,18,176.0,144.0,21.453
23,18,184.0,144.0,21.453
24,18,192.0,144.0,21.453
25,18,200.0,144.0,21.471
26,18,208.0,144.0,21.471
27,18,216.0,144.0,21.471
28,18,224.0,144.0,21.483
29,18,232.0,144.0,21.483
30,18,240.0,144.0,21.483
31,18,248.0,144.0,21.483
32,18,256.0,144.0,21.596
33,18,264.0,144.0,21.596
34,18,272.0,144.0,21.596
35,18,280.0,144.0,21.770
36,18,288.0,144.0,21.770
37,18,296.0,144.0,21.770
38,18,304.0,144.0,21.770
39,18,312.0,144.0,21.950
40,18,320.0,144.0,21.950
41,18,328.0,144.0,21.950
42,18,336.0,144.0,21.950
43,18,344.0,144.0,22.014
44,18,352.0,144.0,22.014
45,18,360.0,144.0,22.014
46,18,368.0,144.0,22.036
47,18,376.0,144.0,22.036
48,18,384.0,144.0,22.036
49,18,392.0,144.0,22.036
50,18,400.0,144.0,22.041
51,18,408.0,144.0,22.041
52,18,416.0,144.0,22.041
53,18,424.0,144.0,22.029
54,18,432.0,144.0,22.029
55,18,440.0,144.0,22.029
56,18,448.0,144.0,21.984
57,18,456.0,144.0,21.984
58,18,464.0,144.0,21.984
59,18,472.0,144.0,21.984
60,18,480.0,144.0,21.871
61,18,488.0,144.0,21.871
62,18,496.0,144.0,21.871
63,18,504.0,144.0,21.707
64,18,512.0,144.0,21.707
65,18,520.0,144.0,21.707
66,18,528.0,144.0,21.707
67,18,536.0,144.0,21.551
68,18,544.0,144.0,21.551
69,18,552.0,144.0,21.551
70,18,560.0,144.0,21.487
71,18,568.0,144.0,21.487
72,18,576.0,144.0,21.487
73,18,584.0,144.0,21.487
74,18,592.0,144.0,21.440
75,18,600.0,144.0,21.440
76,18,608.0,144.0,21.440
77,18,616.0,144.0,21.468
78,18,624.0,144.0,21.468
79,18,632.0,144.0,21.468
80,18,640.0,144.0,21.468
81,18,648.0,144.0,21.541
82,18,656.0,144.0,21.541
83,18,664.0,144.0,21.541
84,18,672.0,144.0,21.541
85,18,680.0,144.0,21.706
86,18,688.0,144.0,21.706
87,18,696.0,144.0,21.706
88,18,704.0,144.0,21.976
89,18,712.0,144.0,21.976
90,18,720.0,144.0,21.976
91,18,728.0,144.0,22.257
92,18,736.0,144.0,22.257
93,18,744.0,144.0,22.257
94,18,752.0,144.0,22.257
95,18,760.0,144.0,22.450
96,18,768.0,144.0,22.450
4,19,32.0,152.0,22.333
5,19,40.0,152.0,22.333
6,19,48.0,152.0,22.333
7,19,56.0,152.0,22.155
8,19,64.0,152.0,22.155
9,19,72.0,152.0,22.155
10,19,80.0,152.0,22.155
11,19,88.0,152.0,21.894
12,19,96.0,152.0,21.894
13,19,104.0,152.0,21.894
14,19,112.0,152.0,21.622
15,19,120.0,152.0,21.622
16,19,128.0,152.0,21.622
17,19,136.0,152.0,21.622
18,19,144.0,152.0,21.474
19,19,152.0,152.0,21.474
20,19,160.0,152.0,21.474
21,19,168.0,152.0,21.474
22,19,176.0,152.0,21.453
23,19,184.0,152.0,21.453
24,19,192.0,152.0,21.453
25,19,200.0,152.0,21.471
26,19,208.0,152.0,21.471
27,19,216.0,152.0,21.471
28,19,224.0,152.0,21.483
29,19,232.0,152.0,21.483
30,19,240.0,152.0,21.483
31,19,248.0,152.0,21.483
32,19,256.0,152.0,21.596
33,19,264.0,152.0,21.596
34,19,272.0,152.0,21.596
35,19,280.0,152.0,21.770
36,19,288.0,152.0,21.770
37,19,296.0,152.0,21.770
38,19,304.0,152.0,21.770
39,19,312.0,152.0,21.950
40,19,320.0,152.0,21.950
41,19,328.0,152.0,21.950
42,19,336.0,152.0,21.950
43,19,344.0,152.0,22.014
44,19,352.0,152.0,22.014
45,19,360.0,152.0,22.014
46,19,368.0,152.0,22.036
47,19,376.0,152.0,22.036
48,19,384.0,152.0,22.036
49,19,392.0,152.0,22.036
50,19,400.0,152.0,22.041
51,19,408.0,152.0,22.041
52,19,416.0,152.0,22.041
53,19,424.0,152.0,22.029
54,19,432.0,152.0,22.029
55,19,440.0,152.0,22.029
56,19,448.0,152.0,21.984
57,19,456.0,152.0,21.984
58,19,464.0,152.0,21.984
59,19,472.0,152.0,21.984
60,19,480.0,152.0,21.871
61,19,488.0,152.0,21.871
62,19,496.0,152.0,21.871
63,19,504.0,152.0,21.707
64,19,512.0,152.0,21.707
65,19,520.0,152.0,21.707
66,19,528.0,152.0,21.707
67,19,536.0,152.0,21.551
68,19,544.0,152.0,21.551
69,19,552.0,152.0,21.551
70,19,560.0,152.0,21.487
71,19,568.0,152.0,21.487
72,19,576.0,152.0,21.487
73,19,584.0,152.0,21.487
74,19,592.0,152.0,21.440
75,19,600.0,152.0,21.440
76,19,608.0,152.0,21.440
77,19,616.0,152.0,21.468
78,19,624.0,152.0,21.468
79,19,632.0,152.0,21.468
80,19,640.0,152.0,21.468
81,19,648.0,152.0,21.541
82,19,656.0,152.0,21.541
83,19,664.0,152.0,21.541
84,19,672.0,152.0,21.541
85,19,680.0,152.0,21.706
86,19,688.0,152.0,21.706
87,19,696.0,152.0,21.706
88,19,704.0,152.0,21.976
89,19,712.0,152.0,21.976
90,19,720.0,152.0,21.976
91,19,728.0,152.0,22.257
92,19,736.0,152.0,22.257
93,19,744.0,152.0,22.257
94,19,752.0,152.0,22.257
95,19,760.0,152.0,22.450
96,19,768.0,152.0,22.450
4,20,32.0,160.0,22.333
5,20,40.0,160.0,22.333
6,20,48.0,160.0,22.333
7,20,56.0,160.0,22.155
8,20,64.0,160.0,22.155
9,20,72.0,160.0,22.155
10,20,80.0,160.0,22.155
11,20,88.0,160.0,21.894
12,20,96.0,160.0,21.894
13,20,104.0,160.0,21.894
14,20,112.0,160.0,21.622
15,20,120.0,160.0,21.622
16,20,128.0,160.0,21.622
17,20,136.0,160.0,21.622
18,20,144.0,160.0,21.474
19,20,152.0,160.0,21.474
20,20,160.0,160.0,21.474
21,20,168.0,160.0,21.474
22,20,176.0,160.0,21.453
23,20,184.0,160.0,21.453
24,20,192.0,160.0,21.453
25,20,200.0,160.0,21.471
26,20,208.0,160.0,21.471
27,20,216.0,160.0,21.471
28,20,224.0,160.0,21.483
29,20,232.0,160.0,21.483
30,20,240.0,160.0,21.483
31,20,248.0,160.0,21.483
32,20,256.0,160.0,21.596
33,20,264.0,160.0,21.596
34,20,272.0,160.0,21.596
35,20,280.0,160.0,21.770
36,20,288.0,160.0,21.770
37,20,296.0,160.0,21.770
38,20,304.0,160.0,21.770
39,20,312.0,160.0,21.950
40,20,320.0,160.0,21.950
41,20,328.0,160.0,21.950
42,20,336.0,160.0,21.950
43,20,344.0,160.0,22.014
44,20,352.0,160.0,22.014
45,20,360.0,160.0,22.014
46,20,368.0,160.0,22.036
47,20,376.0,160.0,22.036
48,20,384.0,160.0,22.036
49,20,392.0,160.0,22.036
50,20,400.0,160.0,22.041
51,20,408.0,160.0,22.041
52,20,416.0,160.0,22.041
53,20,424.0,160.0,22.029
54,20,432.0,160.0,22.029
55,20,440.0,160.0,22.029
56,20,448.0,160.0,21.984
57,20,456.0,160.0,21.984
58,20,464.0,160.0,21.984
59,20,472.0,160.0,21.984
60,20,480.0,160.0,21.871
61,20,488.0,160.0,21.871
62,20,496.0,160.0,21.871
63,20,504.0,160.0,21.707
64,20,512.0,160.0,21.707
65,20,520.0,160.0,21.707
66,20,528.0,160.0,21.707
67,20,536.0,160.0,21.551
68,20,544.0,160.0,21.551
69,20,552.0,160.0,21.551
70,20,560.0,160.0,21.487
71,20,568.0,160.0,21.487
72,20,576.0,160.0,21.487
73,20,584.0,160.0,21.487
74,20,592.0,160.0,21.440
75,20,600.0,160.0,21.440
76,20,608.0,160.0,21.440
77,20,616.0,160.0,21.468
78,20,624.0,160.0,21.468
79,20,632.0,160.0,21.468
80,20,640.0,160.0,21.468
81,20,648.0,160.0,21.541
82,20,656.0,160.0,21.541
83,20,664.0,160.0,21.541
84,20,672.0,160.0,21.541
85,20,680.0,160.0,21.706
86,20,688.0,160.0,21.706
87,20,696.0,160.0,21.706
88,20,704.0,160.0,21.976
89,20,712.0,160.0,21.976
90,20,720.0,160.0,21.976
91,20,728.0,160.0,22.257
92,20,736.0,160.0,22.257
93,20,744.0,160.0,22.257
94,20,752.0,160.0,22.257
95,20,760.0,160.0,22.450
96,20,768.0,160.0,22.450
4,21,32.0,168.0,22.333
5,21,40.0,168.0,22.333
6,21,48.0,168.0,22.333
7,21,56.0,168.0,22.155
8,21,64.0,168.0,22.155
9,21,72.0,168.0,22.155
10,21,80.0,168.0,22.155
11,21,88.0,168.0,21.894
12,21,96.0,168.0,21.894
13,21,104.0,168.0,21.894
14,21,112.0,168.0,21.622
15,21,120.0,168.0,21.622
16,21,128.0,168.0,21.622
17,21,136.0,168.0,21.622
18,21,144.0,168.0,21.474
19,21,152.0,168.0,21.474
20,21,160.0,168.0,21.474
21,21,168.0,168.0,21.474
22,21,176.0,168.0,21.453
23,21,184.0,168.0,21.453
24,21,192.0,168.0,21.453
25,21,200.0,168.0,21.471
26,21,208.0,168.0,21.471
27,21,216.0,168.0,21.471
28,21,224.0,168.0,21.483
29,21,232.0,168.0,21.483
30,21,240.0,168.0,21.483
31,21,248.0,168.0,21.483
32,21,256.0,168.0,21.596
33,21,264.0,168.0,21.596
34,21,272.0,168.0,21.596
35,21,280.0,168.0,21.770
36,21,288.0,168.0,21.770
37,21,296.0,168.0,21.770
38,21,304.0,168.0,21.770
39,21,312.0,168.0,21.950
40,21,320.0,168.0,21.950
41,21,328.0,168.0,21.950
42,21,336.0,168.0,21.950
43,21,344.0,168.0,22.014
44,21,352.0,168.0,22.014
45,21,360.0,168.0,22.014
46,21,368.0,168.0,22.036
47,21,376.0,168.0,22.036
48,21,384.0,168.0,22.036
49,21,392.0,168.0,22.036
50,21,400.0,168.0,22.041
51,21,408.0,168.0,22.041
52,21,416.0,168.0,22.041
53,21,424.0,168.0,22.029
54,21,432.0,168.0,22.029
55,21,440.0,168.0,22.029
56,21,448.0,168.0,21.984
57,21,456.0,168.0,21.984
58,21,464.0,168.0,21.984
59,21,472.0,168.0,21.984
60,21,480.0,168.0,21.871
61,21,488.0,168.0,21.871
62,21,496.0,168.0,21.871
63,21,504.0,168.0,21.707
64,21,512.0,168.0,21.707
65,21,520.0,168.0,21.707
66,21,528.0,168.0,21.707
67,21,536.0,168.0,21.551
68,21,544.0,168.0,21.551
69,21,552.0,168.0,21.551
70,21,560.0,168.0,21.487
71,21,568.0,168.0,21.487
72,21,576.0,168.0,21.487
73,21,584.0,168.0,21.487
74,21,592.0,168.0,21.440
75,21,600.0,168.0,21.440
76,21,608.0,168.0,21.440
77,21,616.0,168.0,21.468
78,21,624.0,168.0,21.468
79,21,632.0,168.0,21.468
80,21,640.0,168.0,21.468
81,21,648.0,168.0,21.541
82,21,656.0,168.0,21.541
83,21,664.0,168.0,21.541
84,21,672.0,168.0,21.541
85,21,680.0,168.0,21.706
86,21,688.0,168.0,21.706
87,21,696.0,168.0,21.706
88,21,704.0,168.0,21.976
89,21,712.0,168.0,21.976
90,21,720.0,168.0,21.976
91,21,728.0,168.0,22.257
92,21,736.0,168.0,22.257
93,21,744.0,168.0,22.257
94,21,752.0,168.0,22.257
95,21,760.0,168.0,22.450
96,21,768.0,168.0,22.450
4,22,32.0,176.0,22.683
5,22,40.0,176.0,22.683
6,22,48.0,176.0,22.683
7,22,56.0,176.0,22.603
8,22,64.0,176.0,22.603
9,22,72.0,176.0,22.603
10,22,80.0,176.0,22.603
11,22,88.0,176.0,22.244
12,22,96.0,176.0,22.244
13,22,104.0,176.0,22.244
14,22,112.0,176.0,21.773
15,22,120.0,176.0,21.773
16,22,128.0,176.0,21.773
17,22,136.0,176.0,21.773
18,22,144.0,176.0,21.466
19,22,152.0,176.0,21.466
20,22,160.0,176.0,21.466
21,22,168.0,176.0,21.466
22,22,176.0,176.0,21.321
23,22,184.0,176.0,21.321
24,22,192.0,176.0,21.321
25,22,200.0,176.0,21.259
26,22,208.0,176.0,21.259
27,22,216.0,176.0,21.259
28,22,224.0,176.0,21.202
29,22,232.0,176.0,21.202
30,22,240.0,176.0,21.202
31,22,248.0,176.0,21.202
32,22,256.0,176.0,21.292
33,22,264.0,176.0,21.292
34,22,272.0,176.0,21.292
35,22,280.0,176.0,21.509
36,22,288.0,176.0,21.509
37,22,296.0,176.0,21.509
38,22,304.0,176.0,21.509
39,22,312.0,176.0,21.866
40,22,320.0,176.0,21.866
41,22,328.0,176.0,21.866
42,22,336.0,176.0,21.866
43,22,344.0,176.0,22.031
44,22,352.0,176.0,22.031
45,22,360.0,176.0,22.031
46,22,368.0,176.0,22.062
47,22,376.0,176.0,22.062
48,22,384.0,176.0,22.062
49,22,392.0,176.0,22.062
50,22,400.0,176.0,22.063
51,22,408.0,176.0,22.063
52,22,416.0,176.0,22.063
53,22,424.0,176.0,22.055
54,22,432.0,176.0,22.055
55,22,440.0,176.0,22.055
56,22,448.0,176.0,21.960
57,22,456.0,176.0,21.960
58,22,464.0,176.0,21.960
59,22,472.0,176.0,21.960
60,22,480.0,176.0,21.675
61,22,488.0,176.0,21.675
62,22,496.0,176.0,21.675
63,22,504.0,176.0,21.420
64,22,512.0,176.0,21.420
65,22,520.0,176.0,21.420
66,22,528.0,176.0,21.420
67,22,536.0,176.0,21.250
68,22,544.0,176.0,21.250
69,22,552.0,176.0,21.250
70,22,560.0,176.0,21.229
71,22,568.0,176.0,21.229
72,22,576.0,176.0,21.229
73,22,584.0,176.0,21.229
74,22,592.0,176.0,21.255
75,22,600.0,176.0,21.255
76,22,608.0,176.0,21.255
77,22,616.0,176.0,21.400
78,22,624.0,176.0,21.400
79,22,632.0,176.0,21.400
80,22,640.0,176.0,21.400
81,22,648.0,176.0,21.601
82,22,656.0,176.0,21.601
83,22,664.0,176.0,21.601
84,22,672.0,176.0,21.601
85,22,680.0,176.0,21.925
86,22,688.0,176.0,21.925
87,22,696.0,176.0,21.925
88,22,704.0,176.0,22.380
89,22,712.0,176.0,22.380
90,22,720.0,176.0,22.380
91,22,728.0,176.0,22.680
92,22,736.0,176.0,22.680
93,22,744.0,176.0,22.680
94,22,752.0,176.0,22.680
95,22,760.0,176.0,22.723
96,22,768.0,176.0,22.723
4,23,32.0,184.0,22.683
5,23,40.0,184.0,22.683
6,23,48.0,184.0,22.683
7,23,56.0,184.0,22.603
8,23,64.0,184.0,22.603
9,23,72.0,184.0,22.603
10,23,80.0,184.0,22.603
11,23,88.0,184.0,22.244
12,23,96.0,184.0,22.244
13,23,104.0,184.0,22.244
14,23,112.0,184.0,21.773
15,23,120.0,184.0,21.773
16,23,128.0,184.0,21.773
17,23,136.0,184.0,21.773
18,23,144.0,184.0,21.466
19,23,152.0,184.0,21.466
20,23,160.0,184.0,21.466
21,23,168.0,184.0,21.466
22,23,176.0,184.0,21.321
23,23,184.0,184.0,21.321
24,23,192.0,184.0,21.321
25,23,200.0,184.0,21.259
26,23,208.0,184.0,21.259
27,23,216.0,184.0,21.259
28,23,224.0,184.0,21.202
29,23,232.0,184.0,21.202
30,23,240.0,184.0,21.202
31,23,248.0,184.0,21.202
32,23,256.0,184.0,21.292
33,23,264.0,184.0,21.292
34,23,272.0,184.0,21.292
35,23,280.0,184.0,21.509
36,23,288.0,184.0,21.509
37,23,296.0,184.0,21.509
38,23,304.0,184.0,21.509
39,23,312.0,184.0,21.866
40,23,320.0,184.0,21.866
41,23,328.0,184.0,21.866
42,23,336.0,184.0,21.866
43,23,344.0,184.0,22.031
44,23,352.0,184.0,22.031
45,23,360.0,184.0,22.031
46,23,368.0,184.0,22.062
47,23,376.0,184.0,22.062
48,23,384.0,184.0,22.062
49,23,392.0,184.0,22.062
50,23,400.0,184.0,22.063
51,23,408.0,184.0,22.063
52,23,416.0,184.0,22.063
53,23,424.0,184.0,22.055
54,23,432.0,184.0,22.055
55,23,440.0,184.0,22.055
56,23,448.0,184.0,21.960
57,23,456.0,184.0,21.960
58,23,464.0,184.0,21.960
59,23,472.0,184.0,21.960
60,23,480.0,184.0,21.675
61,23,488.0,184.0,21.675
62,23,496.0,184.0,21.675
63,23,504.0,184.0,21.420
64,23,512.0,184.0,21.420
65,23,520.0,184.0,21.420
66,23,528.0,184.0,21.420
67,23,536.0,184.0,21.250
68,23,544.0,184.0,21.250
69,23,552.0,184.0,21.250
70,23,560.0,184.0,21.229
71,23,568.0,184.0,21.229
72,23,576.0,184.0,21.229
73,23,584.0,184.0,21.229
74,23,592.0,184.0,21.255
75,23,600.0,184.0,21.255
76,23,608.0,184.0,21.255
77,23,616.0,184.0,21.400
78,23,624.0,184.0,21.400
79,23,632.0,184.0,21.400
80,23,640.0,184.0,21.400
81,23,648.0,184.0,21.601
82,23,656.0,184.0,21.601
83,23,664.0,184.0,21.601
84,23,672.0,184.0,21.601
85,23,680.0,184.0,21.925
86,23,688.0,184.0,21.925
87,23,696.0,184.0,21.925
88,23,704.0,184.0,22.380
89,23,712.0,184.0,22.380
90,23,720.0,184.0,22.380
91,23,728.0,184.0,22.680
92,23,736.0,184.0,22.680
93,23,744.0,184.0,22.680
94,23,752.0,184.0,22.680
95,23,760.0,184.0,22.723
96,23,768.0,184.0,22.723
4,24,32.0,192.0,22.683
5,24,40.0,192.0,22.683
6,24,48.0,192.0,22.683
7,24,56.0,192.0,22.603
8,24,64.0,192.0,22.603
9,24,72.0,192.0,22.603
10,24,80.0,192.0,22.603
11,24,88.0,192.0,22.244
12,24,96.0,192.0,22.244
13,24,104.0,192.0,22.244
14,24,112.0,192.0,21.773
15,24,120.0,192.0,21.773
16,24,128.0,192.0,21.773
17,24,136.0,192.0,21.773
18,24,144.0,192.0,21.466
19,24,152.0,192.0,21.466
20,24,160.0,192.0,21.466
21,24,168.0,192.0,21.466
22,24,176.0,192.0,21.321
23,24,184.0,192.0,21.321
24,24,192.0,192.0,21.321
25,24,200.0,192.0,21.259
26,24,208.0,192.0,21.259
27,24,216.0,192.0,21.259
28,24,224.0,192.0,21.202
29,24,232.0,192.0,21.202
30,24,240.0,192.0,21.202
31,24,248.0,192.0,21.202
32,24,256.0,192.0,21.292
33,24,264.0,192.0,21.292
34,24,272.0,192.0,21.292
35,24,280.0,192.0,21.509
36,24,288.0,192.0,21.509
37,24,296.0,192.0,21.509
38,24,304.0,192.0,21.509
39,24,312.0,192.0,21.866
40,24,320.0,192.0,21.866
41,24,328.0,192.0,21.866
42,24,336.0,192.0,21.866
43,24,344.0,192.0,22.031
44,24,352.0,192.0,22.031
45,24,360.0,192.0,22.031
46,24,368.0,192.0,22.062
47,24,376.0,192.0,22.062
48,24,384.0,192.0,22.062
49,24,392.0,192.0,22.062
50,24,400.0,192.0,22.063
51,24,408.0,192.0,22.063
52,24,416.0,192.0,22.063
53,24,424.0,192.0,22.055
54,24,432.0,192.0,22.055
55,24,440.0,192.0,22.055
56,24,448.0,192.0,21.960
57,24,456.0,192.0,21.960
58,24,464.0,192.0,21.960
59,24,472.0,192.0,21.960
60,24,480.0,192.0,21.675
61,24,488.0,192.0,21.675
62,24,496.0,192.0,21.675
63,24,504.0,192.0,21.420
64,24,512.0,192.0,21.420
65,24,520.0,192.0,21.420
66,24,528.0,192.0,21.420
67,24,536.0,192.0,21.250
68,24,544.0,192.0,21.250
69,24,552.0,192.0,21.250
70,24,560.0,192.0,21.229
71,24,568.0,192.0,21.229
72,24,576.0,192.0,21.229
73,24,584.0,192.0,21.229
74,24,592.0,192.0,21.255
75,24,600.0,192.0,21.255
76,24,608.0,192.0,21.255
77,24,616.0,192.0,21.400
78,24,624.0,192.0,21.400
79,24,632.0,192.0,21.400
80,24,640.0,192.0,21.400
81,24,648.0,192.0,21.601
82,24,656.0,192.0,21.601
83,24,664.0,192.0,21.601
84,24,672.0,192.0,21.601
85,24,680.0,192.0,21.925
86,24,688.0,192.0,21.925
87,24,696.0,192.0,21.925
88,24,704.0,192.0,22.380
89,24,712.0,192.0,22.380
90,24,720.0,192.0,22.380
91,24,728.0,192.0,22.680
92,24,736.0,192.0,22.680
93,24,744.0,192.0,22.680
94,24,752.0,192.0,22.680
95,24,760.0,192.0,22.723
96,24,768.0,192.0,22.723
4,25,32.0,200.0,23.074
5,25,40.0,200.0,23.074
6,25,48.0,200.0,23.074
7,25,56.0,200.0,23.169
8,25,64.0,200.0,23.169
9,25,72.0,200.0,23.169
10,25,80.0,200.0,23.169
11,25,88.0,200.0,22.781
12,25,96.0,200.0,22.781
13,25,104.0,200.0,22.781
14,25,112.0,200.0,22.094
15,25,120.0,200.0,22.094
16,25,128.0,200.0,22.094
17,25,136.0,200.0,22.094
18,25,144.0,200.0,21.580
19,25,152.0,200.0,21.580
20,25,160.0,200.0,21.580
21,25,168.0,200.0,21.580
22,25,176.0,200.0,21.265
23,25,184.0,200.0,21.265
24,25,192.0,200.0,21.265
25,25,200.0,200.0,21.078
26,25,208.0,200.0,21.078
27,25,216.0,200.0,21.078
28,25,224.0,200.0,20.914
29,25,232.0,200.0,20.914
30,25,240.0,200.0,20.914
31,25,248.0,200.0,20.914
32,25,256.0,200.0,20.889
33,25,264.0,200.0,20.889
34,25,272.0,200.0,20.889
35,25,280.0,200.0,21.041
36,25,288.0,200.0,21.041
37,25,296.0,200.0,21.041
38,25,304.0,200.0,21.041
39,25,312.0,200.0,21.557
40,25,320.0,200.0,21.557
41,25,328.0,200.0,21.557
42,25,336.0,200.0,21.557
43,25,344.0,200.0,22.009
44,25,352.0,200.0,22.009
45,25,360.0,200.0,22.009
46,25,368.0,200.0,22.083
47,25,376.0,200.0,22.083
48,25,384.0,200.0,22.083
49,25,392.0,200.0,22.083
50,25,400.0,200.0,22.081
51,25,408.0,200.0,22.081
52,25,416.0,200.0,22.081
53,25,424.0,200.0,22.068
54,25,432.0,200.0,22.068
55,25,440.0,200.0,22.068
56,25,448.0,200.0,21.786
57,25,456.0,200.0,21.786
58,25,464.0,200.0,21.786
59,25,472.0,200.0,21.786
60,25,480.0,200.0,21.216
61,25,488.0,200.0,21.216
62,25,496.0,200.0,21.216
63,25,504.0,200.0,20.965
64,25,512.0,200.0,20.965
65,25,520.0,200.0,20.965
66,25,528.0,200.0,20.965
67,25,536.0,200.0,20.883
68,25,544.0,200.0,20.883
69,25,552.0,200.0,20.883
70,25,560.0,200.0,20.978
71,25,568.0,200.0,20.978
72,25,576.0,200.0,20.978
73,25,584.0,200.0,20.978
74,25,592.0,200.0,21.125
75,25,600.0,200.0,21.125
76,25,608.0,200.0,21.125
77,25,616.0,200.0,21.430
78,25,624.0,200.0,21.430
79,25,632.0,200.0,21.430
80,25,640.0,200.0,21.430
81,25,648.0,200.0,21.800
82,25,656.0,200.0,21.800
83,25,664.0,200.0,21.800
84,25,672.0,200.0,21.800
85,25,680.0,200.0,22.331
86,25,688.0,200.0,22.331
87,25,696.0,200.0,22.331
88,25,704.0,200.0,22.966
89,25,712.0,200.0,22.966
90,25,720.0,200.0,22.966
91,25,728.0,200.0,23.173
92,25,736.0,200.0,23.173
93,25,744.0,200.0,23.173
94,25,752.0,200.0,23.173
95,25,760.0,200.0,23.026
96,25,768.0,200.0,23.026
4,26,32.0,208.0,23.074
5,26,40.0,208.0,23.074
6,26,48.0,208.0,23.074
7,26,56.0,208.0,23.169
8,26,64.0,208.0,23.169
9,26,72.0,208.0,23.169
10,26,80.0,208.0,23.169
11,26,88.0,208.0,22.781
12,26,96.0,208.0,22.781
13,26,104.0,208.0,22.781
14,26,112.0,208.0,22.094
15,26,120.0,208.0,22.094
16,26,128.0,208.0,22.094
17,26,136.0,208.0,22.094
18,26,144.0,208.0,21.580
19,26,152.0,208.0,21.580
20,26,160.0,208.0,21.580
21,26,168.0,208.0,21.580
22,26,176.0,208.0,21.265
23,26,184.0,208.0,21.265
24,26,192.0,208.0,21.265
25,26,200.0,208.0,21.078
26,26,208.0,208.0,21.078
27,26,216.0,208.0,21.078
28,26,224.0,208.0,20.914
29,26,232.0,208.0,20.914
30,26,240.0,208.0,20.914
31,26,248.0,208.0,20.914
32,26,256.0,208.0,20.889
33,26,264.0,208.0,20.889
34,26,272.0,208.0,20.889
35,26,280.0,208.0,21.041
36,26,288.0,208.0,21.041
37,26,296.0,208.0,21.041
38,26,304.0,208.0,21.041
39,26,312.0,208.0,21.557
40,26,320.0,208.0,21.557
41,26,328.0,208.0,21.557
42,26,336.0,208.0,21.557
43,26,344.0,208.0,22.009
44,26,352.0,208.0,22.009
45,26,360.0,208.0,22.009
46,26,368.0,208.0,22.083
47,26,376.0,208.0,22.083
48,26,384.0,208.0,22.083
49,26,392.0,208.0,22.083
50,26,400.0,208.0,22.081
51,26,408.0,208.0,22.081
52,26,416.0,208.0,22.081
53,26,424.0,208.0,22.068
54,26,432.0,208.0,22.068
55,26,440.0,208.0,22.068
56,26,448.0,208.0,21.786
57,26,456.0,208.0,21.786
58,26,464.0,208.0,21.786
59,26,472.0,208.0,21.786
60,26,480.0,208.0,21.216
61,26,488.0,208.0,21.216
62,26,496.0,208.0,21.216
63,26,504.0,208.0,20.965
64,26,512.0,208.0,20.965
65,26,520.0,208.0,20.965
66,26,528.0,208.0,20.965
67,26,536.0,208.0,20.883
68,26,544.0,208.0,20.883
69,26,552.0,208.0,20.883
70,26,560.0,208.0,20.978
71,26,568.0,208.0,20.978
72,26,576.0,208.0,20.978
73,26,584.0,208.0,20.978
74,26,592.0,208.0,21.125
75,26,600.0,208.0,21.125
76,26,608.0,208.0,21.125
77,26,616.0,208.0,21.430
78,26,624.0,208.0,21.430
79,26,632.0,208.0,21.430
80,26,640.0,208.0,21.430
81,26,648.0,208.0,21.800
82,26,656.0,208.0,21.800
83,26,664.0,208.0,21.800
84,26,672.0,208.0,21.800
85,26,680.0,208.0,22.331
86,26,688.0,208.0,22.331
87,26,696.0,208.0,22.331
88,26,704.0,208.0,22.966
89,26,712.0,208.0,22.966
90,26,720.0,208.0,22.966
91,26,728.0,208.0,23.173
92,26,736.0,208.0,23.173
93,26,744.0,208.0,23.173
94,26,752.0,208.0,23.173
95,26,760.0,208.0,23.026
96,26,768.0,208.0,23.026
4,27,32.0,216.0,23.074
5,27,40.0,216.0,23.074
6,27,48.0,216.0,23.074
7,27,56.0,216.0,23.169
8,27,64.0,216.0,23.169
9,27,72.0,216.0,23.169
10,27,80.0,216.0,23.169
11,27,88.0,216.0,22.781
12,27,96.0,216.0,22.781
13,27,104.0,216.0,22.781
14,27,112.0,216.0,22.094
15,27,120.0,216.0,22.094
16,27,128.0,216.0,22.094
17,27,136.0,216.0,22.094
18,27,144.0,216.0,21.580
19,27,152.0,216.0,21.580
20,27,160.0,216.0,21.580
21,27,168.0,216.0,21.580
22,27,176.0,216.0,21.265
23,27,184.0,216.0,21.265
24,27,192.0,216.0,21.265
25,27,200.0,216.0,21.078
26,27,208.0,216.0,21.078
27,27,216.0,216.0,21.078
28,27,224.0,216.0,20.914
29,27,232.0,216.0,20.914
30,27,240.0,216.0,20.914
31,27,248.0,216.0,20.914
32,27,256.0,216.0,20.889
33,27,264.0,216.0,20.889
34,27,272.0,216.0,20.889
35,27,280.0,216.0,21.041
36,27,288.0,216.0,21.041
37,27,296.0,216.0,21.041
38,27,304.0,216.0,21.041
39,27,312.0,216.0,21.557
40,27,320.0,216.0,21.557
41,27,328.0,216.0,21.557
42,27,336.0,216.0,21.557
43,27,344.0,216.0,22.009
44,27,352.0,216.0,22.009
45,27,360.0,216.0,22.009
46,27,368.0,216.0,22.083
47,27,376.0,216.0,22.083
48,27,384.0,216.0,22.083
49,27,392.0,216.0,22.083
50,27,400.0,216.0,22.081
51,27,408.0,216.0,22.081
52,27,416.0,216.0,22.081
53,27,424.0,216.0,22.068
54,27,432.0,216.0,22.068
55,27,440.0,216.0,22.068
56,27,448.0,216.0,21.786
57,27,456.0,216.0,21.786
58,27,464.0,216.0,21.786
59,27,472.0,216.0,21.786
60,27,480.0,216.0,21.216
61,27,488.0,216.0,21.216
62,27,496.0,216.0,21.216
63,27,504.0,216.0,20.965
64,27,512.0,216.0,20.965
65,27,520.0,216.0,20.965
66,27,528.0,216.0,20.965
67,27,536.0,216.0,20.883
68,27,544.0,216.0,20.883
69,27,552.0,216.0,20.883
70,27,560.0,216.0,20.978
71,27,568.0,216.0,20.978
72,27,576.0,216.0,20.978
73,27,584.0,216.0,20.978
74,27,592.0,216.0,21.125
75,27,600.0,216.0,21.125
76,27,608.0,216.0,21.125
77,27,616.0,216.0,21.430
78,27,624.0,216.0,21.430
79,27,632.0,216.0,21.430
80,27,640.0,216.0,21.430
81,27,648.0,216.0,21.800
82,27,656.0,216.0,21.800
83,27,664.0,216.0,21.800
84,27,672.0,216.0,21.800
85,27,680.0,216.0,22.331
86,27,688.0,216.0,22.331
87,27,696.0,216.0,22.331
88,27,704.0,216.0,22.966
89,27,712.0,216.0,22.966
90,27,720.0,216.0,22.966
91,27,728.0,216.0,23.173
92,27,736.0,216.0,23.173
93,27,744.0,216.0,23.173
94,27,752.0,216.0,23.173
95,27,760.0,216.0,23.026
96,27,768.0,216.0,23.026
4,28,32.0,224.0,23.386
5,28,40.0,224.0,23.386
6,28,48.0,224.0,23.386
7,28,56.0,224.0,23.649
8,28,64.0,224.0,23.649
9,28,72.0,224.0,23.649
10,28,80.0,224.0,23.649
11,28,88.0,224.0,23.498
12,28,96.0,224.0,23.498
13,28,104.0,224.0,23.498
14,28,112.0,224.0,22.798
15,28,120.0,224.0,22.798
16,28,128.0,224.0,22.798
17,28,136.0,224.0,22.798
18,28,144.0,224.0,22.010
19,28,152.0,224.0,22.010
20,28,160.0,224.0,22.010
21,28,168.0,224.0,22.010
22,28,176.0,224.0,21.465
23,28,184.0,224.0,21.465
24,28,192.0,224.0,21.465
25,28,200.0,224.0,21.117
26,28,208.0,224.0,21.117
27,28,216.0,224.0,21.117
28,28,224.0,224.0,20.795
29,28,232.0,224.0,20.795
30,28,240.0,224.0,20.795
31,28,248.0,224.0,20.795
32,28,256.0,224.0,20.463
33,28,264.0,224.0,20.463
34,28,272.0,224.0,20.463
35,28,280.0,224.0,20.298
36,28,288.0,224.0,20.298
37,28,296.0,224.0,20.298
38,28,304.0,224.0,20.298
39,28,312.0,224.0,20.509
40,28,320.0,224.0,20.509
41,28,328.0,224.0,20.509
42,28,336.0,224.0,20.509
43,28,344.0,224.0,21.573
44,28,352.0,224.0,21.573
45,28,360.0,224.0,21.573
46,28,368.0,224.0,22.071
47,28,376.0,224.0,22.071
48,28,384.0,224.0,22.071
49,28,392.0,224.0,22.071
50,28,400.0,224.0,22.086
51,28,408.0,224.0,22.086
52,28,416.0,224.0,22.086
53,28,424.0,224.0,22.004
54,28,432.0,224.0,22.004
55,28,440.0,224.0,22.004
56,28,448.0,224.0,20.811
57,28,456.0,224.0,20.811
58,28,464.0,224.0,20.811
59,28,472.0,224.0,20.811
60,28,480.0,224.0,20.318
61,28,488.0,224.0,20.318
62,28,496.0,224.0,20.318
63,28,504.0,224.0,20.326
64,28,512.0,224.0,20.326
65,28,520.0,224.0,20.326
66,28,528.0,224.0,20.326
67,28,536.0,224.0,20.562
68,28,544.0,224.0,20.562
69,28,552.0,224.0,20.562
70,28,560.0,224.0,20.928
71,28,568.0,224.0,20.928
72,28,576.0,224.0,20.928
73,28,584.0,224.0,20.928
74,28,592.0,224.0,21.233
75,28,600.0,224.0,21.233
76,28,608.0,224.0,21.233
77,28,616.0,224.0,21.741
78,28,624.0,224.0,21.741
79,28,632.0,224.0,21.741
80,28,640.0,224.0,21.741
81,28,648.0,224.0,22.342
82,28,656.0,224.0,22.342
83,28,664.0,224.0,22.342
84,28,672.0,224.0,22.342
85,28,680.0,224.0,23.089
86,28,688.0,224.0,23.089
87,28,696.0,224.0,23.089
88,28,704.0,224.0,23.620
89,28,712.0,224.0,23.620
90,28,720.0,224.0,23.620
91,28,728.0,224.0,23.549
92,28,736.0,224.0,23.549
93,28,744.0,224.0,23.549
94,28,752.0,224.0,23.549
95,28,760.0,224.0,23.299
96,28,768.0,224.0,23.299
4,29,32.0,232.0,23.386
5,29,40.0,232.0,23.386
6,29,48.0,232.0,23.386
7,29,56.0,232.0,23.649
8,29,64.0,232.0,23.649
9,29,72.0,232.0,23.649
10,29,80.0,232.0,23.649
11,29,88.0,232.0,23.498
12,29,96.0,232.0,23.498
13,29,104.0,232.0,23.498
14,29,112.0,232.0,22.798
15,29,120.0,232.0,22.798
16,29,128.0,232.0,22.798
17,29,136.0,232.0,22.798
18,29,144.0,232.0,22.010
19,29,152.0,232.0,22.010
20,29,160.0,232.0,22.010
21,29,168.0,232.0,22.010
22,29,176.0,232.0,21.465
23,29,184.0,232.0,21.465
24,29,192.0,232.0,21.465
25,29,200.0,232.0,21.117
26,29,208.0,232.0,21.117
27,29,216.0,232.0,21.117
28,29,224.0,232.0,20.795
29,29,232.0,232.0,20.795
30,29,240.0,232.0,20.795
31,29,248.0,232.0,20.795
32,29,256.0,232.0,20.463
33,29,264.0,232.0,20.463
34,29,272.0,232.0,20.463
35,29,280.0,232.0,20.298
36,29,288.0,232.0,20.298
37,29,296.0,232.0,20.298
38,29,304.0,232.0,20.298
39,29,312.0,232.0,20.509
40,29,320.0,232.0,20.509
41,29,328.0,232.0,20.509
42,29,336.0,232.0,20.509
43,29,344.0,232.0,21.573
44,29,352.0,232.0,21.573
45,29,360.0,232.0,21.573
46,29,368.0,232.0,22.071
47,29,376.0,232.0,22.071
48,29,384.0,232.0,22.071
49,29,392.0,232.0,22.071
50,29,400.0,232.0,22.086
51,29,408.0,232.0,22.086
52,29,416.0,232.0,22.086
53,29,424.0,232.0,22.004
54,29,432.0,232.0,22.004
55,29,440.0,232.0,22.004
56,29,448.0,232.0,20.811
57,29,456.0,232.0,20.811
58,29,464.0,232.0,20.811
59,29,472.0,232.0,20.811
60,29,480.0,232.0,20.318
61,29,488.0,232.0,20.318
62,29,496.0,232.0,20.318
63,29,504.0,232.0,20.326
64,29,512.0,232.0,20.326
65,29,520.0,232.0,20.326
66,29,528.0,232.0,20.326
67,29,536.0,232.0,20.562
68,29,544.0,232.0,20.562
69,29,552.0,232.0,20.562
70,29,560.0,232.0,20.928
71,29,568.0,232.0,20.928
72,29,576.0,232.0,20.928
73,29,584.0,232.0,20.928
74,29,592.0,232.0,21.233
75,29,600.0,232.0,21.233
76,29,608.0,232.0,21.233
77,29,616.0,232.0,21.741
78,29,624.0,232.0,21.741
79,29,632.0,232.0,21.741
80,29,640.0,232.0,21.741
81,29,648.0,232.0,22.342
82,29,656.0,232.0,22.342
83,29,664.0,232.0,22.342
84,29,672.0,232.0,22.342
85,29,680.0,232.0,23.089
86,29,688.0,232.0,23.089
87,29,696.0,232.0,23.089
88,29,704.0,232.0,23.620
89,29,712.0,232.0,23.620
90,29,720.0,232.0,23.620
91,29,728.0,232.0,23.549
92,29,736.0,232.0,23.549
93,29,744.0,232.0,23.549
94,29,752.0,232.0,23.549
95,29,760.0,232.0,23.299
96,29,768.0,232.0,23.299
4,30,32.0,240.0,23.386
5,30,40.0,240.0,23.386
6,30,48.0,240.0,23.386
7,30,56.0,240.0,23.649
8,30,64.0,240.0,23.649
9,30,72.0,240.0,23.649
10,30,80.0,240.0,23.649
11,30,88.0,240.0,23.498
12,30,96.0,240.0,23.498
13,30,104.0,240.0,23.498
14,30,112.0,240.0,22.798
15,30,120.0,240.0,22.798
16,30,128.0,240.0,22.798
17,30,136.0,240.0,22.798
18,30,144.0,240.0,22.010
19,30,152.0,240.0,22.010
20,30,160.0,240.0,22.010
21,30,168.0,240.0,22.010
22,30,176.0,240.0,21.465
23,30,184.0,240.0,21.465
24,30,192.0,240.0,21.465
25,30,200.0,240.0,21.117
26,30,208.0,240.0,21.117
27,30,216.0,240.0,21.117
28,30,224.0,240.0,20.795
29,30,232.0,240.0,20.795
30,30,240.0,240.0,20.795
31,30,248.0,240.0,20.795
32,30,256.0,240.0,20.463
33,30,264.0,240.0,20.463
34,30,272.0,240.0,20.463
35,30,280.0,240.0,20.298
36,30,288.0,240.0,20.298
37,30,296.0,240.0,20.298
38,30,304.0,240.0,20.298
39,30,312.0,240.0,20.509
40,30,320.0,240.0,20.509
41,30,328.0,240.0,20.509
42,30,336.0,240.0,20.509
43,30,344.0,240.0,21.573
44,30,352.0,240.0,21.573
45,30,360.0,240.0,21.573
46,30,368.0,240.0,22.071
47,30,376.0,240.0,22.071
48,30,384.0,240.0,22.071
49,30,392.0,240.0,22.071
50,30,400.0,240.0,22.086
51,30,408.0,240.0,22.086
52,30,416.0,240.0,22.086
53,30,424.0,240.0,22.004
54,30,432.0,240.0,22.004
55,30,440.0,240.0,22.004
56,30,448.0,240.0,20.811
57,30,456.0,240.0,20.811
58,30,464.0,240.0,20.811
59,30,472.0,240.0,20.811
60,30,480.0,240.0,20.318
61,30,488.0,240.0,20.318
62,30,496.0,240.0,20.318
63,30,504.0,240.0,20.326
64,30,512.0,240.0,20.326
65,30,520.0,240.0,20.326
66,30,528.0,240.0,20.326
67,30,536.0,240.0,20.562
68,30,544.0,240.0,20.562
69,30,552.0,240.0,20.562
70,30,560.0,240.0,20.928
71,30,568.0,240.0,20.928
72,30,576.0,240.0,20.928
73,30,584.0,240.0,20.928
74,30,592.0,240.0,21.233
75,30,600.0,240.0,21.233
76,30,608.0,240.0,21.233
77,30,616.0,240.0,21.741
78,30,624.0,240.0,21.741
79,30,632.0,240.0,21.741
80,30,640.0,240.0,21.741
81,30,648.0,240.0,22.342
82,30,656.0,240.0,22.342
83,30,664.0,240.0,22.342
84,30,672.0,240.0,22.342
85,30,680.0,240.0,23.089
86,30,688.0,240.0,23.089
87,30,696.0,240.0,23.089
88,30,704.0,240.0,23.620
89,30,712.0,240.0,23.620
90,30,720.0,240.0,23.620
91,30,728.0,240.0,23.549
92,30,736.0,240.0,23.549
93,30,744.0,240.0,23.549
94,30,752.0,240.0,23.549
95,30,760.0,240.0,23.299
96,30,768.0,240.0,23.299
4,31,32.0,248.0,23.386
5,31,40.0,248.0,23.386
6,31,48.0,248.0,23.386
7,31,56.0,248.0,23.649
8,31,64.0,248.0,23.649
9,31,72.0,248.0,23.649
10,31,80.0,248.0,23.649
11,31,88.0,248.0,23.498
12,31,96.0,248.0,23.498
13,31,104.0,248.0,23.498
14,31,112.0,248.0,22.798
15,31,120.0,248.0,22.798
16,31,128.0,248.0,22.798
17,31,136.0,248.0,22.798
18,31,144.0,248.0,22.010
19,31,152.0,248.0,22.010
20,31,160.0,248.0,22.010
21,31,168.0,248.0,22.010
22,31,176.0,248.0,21.465
23,31,184.0,248.0,21.465
24,31,192.0,248.0,21.465
25,31,200.0,248.0,21.117
26,31,208.0,248.0,21.117
27,31,216.0,248.0,21.117
28,31,224.0,248.0,20.795
29,31,232.0,248.0,20.795
30,31,240.0,248.0,20.795
31,31,248.0,248.0,20.795
32,31,256.0,248.0,20.463
33,31,264.0,248.0,20.463
34,31,272.0,248.0,20.463
35,31,280.0,248.0,20.298
36,31,288.0,248.0,20.298
37,31,296.0,248.0,20.298
38,31,304.0,248.0,20.298
39,31,312.0,248.0,20.509
40,31,320.0,248.0,20.509
41,31,328.0,248.0,20.509
42,31,336.0,248.0,20.509
43,31,344.0,248.0,21.573
44,31,352.0,248.0,21.573
45,31,360.0,248.0,21.573
46,31,368.0,248.0,22.071
47,31,376.0,248.0,22.071
48,31,384.0,248.0,22.071
49,31,392.0,248.0,22.071
50,31,400.0,248.0,22.086
51,31,408.0,248.0,22.086
52,31,416.0,248.0,22.086
53,31,424.0,248.0,22.004
54,31,432.0,248.0,22.004
55,31,440.0,248.0,22.004
56,31,448.0,248.0,20.811
57,31,456.0,248.0,20.811
58,31,464.0,248.0,20.811
59,31,472.0,248.0,20.811
60,31,480.0,248.0,20.318
61,31,488.0,248.0,20.318
62,31,496.0,248.0,20.318
63,31,504.0,248.0,20.326
64,31,512.0,248.0,20.326
65,31,520.0,248.0,20.326
66,31,528.0,248.0,20.326
67,31,536.0,248.0,20.562
68,31,544.0,248.0,20.562
69,31,552.0,248.0,20.562
70,31,560.0,248.0,20.928
71,31,568.0,248.0,20.928
72,31,576.0,248.0,20.928
73,31,584.0,248.0,20.928
74,31,592.0,248.0,21.233
75,31,600.0,248.0,21.233
76,31,608.0,248.0,21.233
77,31,616.0,248.0,21.741
78,31,624.0,248.0,21.741
79,31,632.0,248.0,21.741
80,31,640.0,248.0,21.741
81,31,648.0,248.0,22.342
82,31,656.0,248.0,22.342
83,31,664.0,248.0,22.342
84,31,672.0,248.0,22.342
85,31,680.0,248.0,23.089
86,31,688.0,248.0,23.089
87,31,696.0,248.0,23.089
88,31,704.0,248.0,23.620
89,31,712.0,248.0,23.620
90,31,720.0,248.0,23.620
91,31,728.0,248.0,23.549
92,31,736.0,248.0,23.549
93,31,744.0,248.0,23.549
94,31,752.0,248.0,23.549
95,31,760.0,248.0,23.299
96,31,768.0,248.0,23.299
4,32,32.0,256.0,23.663
5,32,40.0,256.0,23.663
6,32,48.0,256.0,23.663
7,32,56.0,256.0,23.880
8,32,64.0,256.0,23.880
9,32,72.0,256.0,23.880
10,32,80.0,256.0,23.880
11,32,88.0,256.0,24.020
12,32,96.0,256.0,24.020
13,32,104.0,256.0,24.020
14,32,112.0,256.0,23.790
15,32,120.0,256.0,23.790
16,32,128.0,256.0,23.790
17,32,136.0,256.0,23.790
18,32,144.0,256.0,23.084
19,32,152.0,256.0,23.084
20,32,160.0,256.0,23.084
21,32,168.0,256.0,23.084
22,32,176.0,256.0,22.285
23,32,184.0,256.0,22.285
24,32,192.0,256.0,22.285
25,32,200.0,256.0,21.894
26,32,208.0,256.0,21.894
27,32,216.0,256.0,21.894
28,32,224.0,256.0,21.594
29,32,232.0,256.0,21.594
30,32,240.0,256.0,21.594
31,32,248.0,256.0,21.594
32,32,256.0,256.0,20.783
33,32,264.0,256.0,20.783
34,32,272.0,256.0,20.783
35,32,280.0,256.0,19.899
36,32,288.0,256.0,19.899
37,32,296.0,256.0,19.899
38,32,304.0,256.0,19.899
39,32,312.0,256.0,19.150
40,32,320.0,256.0,19.150
41,32,328.0,256.0,19.150
42,32,336.0,256.0,19.150
43,32,344.0,256.0,18.981
44,32,352.0,256.0,18.981
45,32,360.0,256.0,18.981
46,32,368.0,256.0,22.083
47,32,376.0,256.0,22.083
48,32,384.0,256.0,22.083
49,32,392.0,256.0,22.083
50,32,400.0,256.0,22.086
51,32,408.0,256.0,22.086
52,32,416.0,256.0,22.086
53,32,424.0,256.0,21.058
54,32,432.0,256.0,21.058
55,32,440.0,256.0,21.058
56,32,448.0,256.0,19.016
57,32,456.0,256.0,19.016
58,32,464.0,256.0,19.016
59,32,472.0,256.0,19.016
60,32,480.0,256.0,19.465
61,32,488.0,256.0,19.465
62,32,496.0,256.0,19.465
63,32,504.0,256.0,20.198
64,32,512.0,256.0,20.198
65,32,520.0,256.0,20.198
66,32,528.0,256.0,20.198
67,32,536.0,256.0,21.068
68,32,544.0,256.0,21.068
69,32,552.0,256.0,21.068
70,32,560.0,256.0,21.769
71,32,568.0,256.0,21.769
72,32,576.0,256.0,21.769
73,32,584.0,256.0,21.769
74,32,592.0,256.0,22.014
75,32,600.0,256.0,22.014
76,32,608.0,256.0,22.014
77,32,616.0,256.0,22.672
78,32,624.0,256.0,22.672
79,32,632.0,256.0,22.672
80,32,640.0,256.0,22.672
81,32,648.0,256.0,23.394
82,32,656.0,256.0,23.394
83,32,664.0,256.0,23.394
84,32,672.0,256.0,23.394
85,32,680.0,256.0,23.981
86,32,688.0,256.0,23.981
87,32,696.0,256.0,23.981
88,32,704.0,256.0,23.970
89,32,712.0,256.0,23.970
90,32,720.0,256.0,23.970
91,32,728.0,256.0,23.770
92,32,736.0,256.0,23.770
93,32,744.0,256.0,23.770
94,32,752.0,256.0,23.770
95,32,760.0,256.0,23.632
96,32,768.0,256.0,23.632
4,33,32.0,264.0,23.663
5,33,40.0,264.0,23.663
6,33,48.0,264.0,23.663
7,33,56.0,264.0,23.880
8,33,64.0,264.0,23.880
9,33,72.0,264.0,23.880
10,33,80.0,264.0,23.880
11,33,88.0,264.0,24.020
12,33,96.0,264.0,24.020
13,33,104.0,264.0,24.020
14,33,112.0,264.0,23.790
15,33,120.0,264.0,23.790
16,33,128.0,264.0,23.790
17,33,136.0,264.0,23.790
18,33,144.0,264.0,23.084
19,33,152.0,264.0,23.084
20,33,160.0,264.0,23.084
21,33,168.0,264.0,23.084
22,33,176.0,264.0,22.285
23,33,184.0,264.0,22.285
24,33,192.0,264.0,22.285
25,33,200.0,264.0,21.894
26,33,208.0,264.0,21.894
27,33,216.0,264.0,21.894
28,33,224.0,264.0,21.594
29,33,232.0,264.0,21.594
30,33,240.0,264.0,21.594
31,33,248.0,264.0,21.594
32,33,256.0,264.0,20.783
33,33,264.0,264.0,20.783
34,33,272.0,264.0,20.783
35,33,280.0,264.0,19.899
36,33,288.0,264.0,19.899
37,33,296.0,264.0,19.899
38,33,304.0,264.0,19.899
39,33,312.0,264.0,19.150
40,33,320.0,264.0,19.150
41,33,328.0,264.0,19.150
42,33,336.0,264.0,19.150
43,33,344.0,264.0,18.981
44,33,352.0,264.0,18.981
45,33,360.0,264.0,18.981
46,33,368.0,264.0,22.083
47,33,376.0,264.0,22.083
48,33,384.0,264.0,22.083
49,33,392.0,264.0,22.083
50,33,400.0,264.0,22.086
51,33,408.0,264.0,22.086
52,33,416.0,264.0,22.086
53,33,424.0,264.0,21.058
54,33,432.0,264.0,21.058
55,33,440.0,264.0,21.058
56,33,448.0,264.0,19.016
57,33,456.0,264.0,19.016
58,33,464.0,264.0,19.016
59,33,472.0,264.0,19.016
60,33,480.0,264.0,19.465
61,33,488.0,264.0,19.465
62,33,496.0,264.0,19.465
63,33,504.0,264.0,20.198
64,33,512.0,264.0,20.198
65,33,520.0,264.0,20.198
66,33,528.0,264.0,20.198
67,33,536.0,264.0,21.068
68,33,544.0,264.0,21.068
69,33,552.0,264.0,21.068
70,33,560.0,264.0,21.769
71,33,568.0,264.0,21.769
72,33,576.0,264.0,21.769
73,33,584.0,264.0,21.769
74,33,592.0,264.0,22.014
75,33,600.0,264.0,22.014
76,33,608.0,264.0,22.014
77,33,616.0,264.0,22.672
78,33,624.0,264.0,22.672
79,33,632.0,264.0,22.672
80,33,640.0,264.0,22.672
81,33,648.0,264.0,23.394
82,33,656.0,264.0,23.394
83,33,664.0,264.0,23.394
84,33,672.0,264.0,23.394
85,33,680.0,264.0,23.981
86,33,688.0,264.0,23.981
87,33,696.0,264.0,23.981
88,33,704.0,264.0,23.970
89,33,712.0,264.0,23.970
90,33,720.0,264.0,23.970
91,33,728.0,264.0,23.770
92,33,736.0,264.0,23.770
93,33,744.0,264.0,23.770
94,33,752.0,264.0,23.770
95,33,760.0,264.0,23.632
96,33,768.0,264.0,23.632
