run_id,time_s,plane,n,P10,P50,P90,mean,frac_band
21_N1,30.0,tier0_canopy_mid,5124,0.0528,0.195,0.5659,0.2643,0.3132
21_N1,30.0,tier0_canopy_top,5201,0.0606,0.1852,0.5187,0.2546,0.2896
21_N1,30.0,tier1_canopy_mid,5151,0.0653,0.1687,0.589,0.2585,0.2631
21_N1,30.0,tier1_canopy_top,5209,0.063,0.1514,0.5047,0.2191,0.2144
21_N1,30.0,"CASE(worst P10, tier gap)",4,0.0528,,,0.0452,
21_N1,60.0,tier0_canopy_mid,5124,0.045,0.174,0.5576,0.2501,0.3072
21_N1,60.0,tier0_canopy_top,5201,0.0544,0.1615,0.5199,0.2401,0.2799
21_N1,60.0,tier1_canopy_mid,5151,0.0837,0.1701,0.59,0.267,0.2712
21_N1,60.0,tier1_canopy_top,5209,0.0806,0.1501,0.518,0.2297,0.2225
21_N1,60.0,"CASE(worst P10, tier gap)",4,0.045,,,0.0373,
21_N1,90.0,tier0_canopy_mid,5124,0.0492,0.1669,0.5677,0.2511,0.2884
21_N1,90.0,tier0_canopy_top,5201,0.0499,0.1649,0.4988,0.2383,0.2717
21_N1,90.0,tier1_canopy_mid,5151,0.1001,0.18,0.5875,0.2771,0.277
21_N1,90.0,tier1_canopy_top,5209,0.1034,0.1768,0.537,0.252,0.2356
21_N1,90.0,"CASE(worst P10, tier gap)",4,0.0492,,,0.0388,
21_N1,120.0,tier0_canopy_mid,5124,0.0628,0.1868,0.5689,0.2598,0.2758
21_N1,120.0,tier0_canopy_top,5201,0.0657,0.1872,0.5638,0.2619,0.2788
21_N1,120.0,tier1_canopy_mid,5151,0.0919,0.2042,0.6143,0.2969,0.3044
21_N1,120.0,tier1_canopy_top,5209,0.0962,0.2032,0.5448,0.2697,0.2816
21_N1,120.0,"CASE(worst P10, tier gap)",4,0.0628,,,0.037,
21_N1,150.0,tier0_canopy_mid,5124,0.0599,0.1843,0.5632,0.2599,0.2717
21_N1,150.0,tier0_canopy_top,5201,0.0653,0.1865,0.5358,0.2559,0.2723
21_N1,150.0,tier1_canopy_mid,5151,0.0745,0.1899,0.5695,0.27,0.2786
21_N1,150.0,tier1_canopy_top,5209,0.0752,0.1818,0.5063,0.2423,0.2404
21_N1,150.0,"CASE(worst P10, tier gap)",4,0.0599,,,0.0276,
21_N1,180.0,tier0_canopy_mid,5124,0.0594,0.1777,0.5759,0.2597,0.2797
21_N1,180.0,tier0_canopy_top,5201,0.0632,0.1722,0.5099,0.2442,0.2615
21_N1,180.0,tier1_canopy_mid,5151,0.0788,0.1657,0.5421,0.2495,0.2314
21_N1,180.0,tier1_canopy_top,5209,0.0742,0.1576,0.4773,0.2246,0.2123
21_N1,180.0,"CASE(worst P10, tier gap)",4,0.0594,,,0.0351,
21_N1,210.0,tier0_canopy_mid,5124,0.0584,0.1741,0.5542,0.2518,0.2617
21_N1,210.0,tier0_canopy_top,5201,0.0581,0.1647,0.5268,0.2431,0.2482
21_N1,210.0,tier1_canopy_mid,5151,0.0769,0.1595,0.5243,0.2431,0.2254
21_N1,210.0,tier1_canopy_top,5209,0.0752,0.1527,0.4591,0.2208,0.2127
21_N1,210.0,"CASE(worst P10, tier gap)",4,0.0581,,,0.031,
21_N1,240.0,tier0_canopy_mid,5124,0.0528,0.1824,0.5565,0.2542,0.2693
21_N1,240.0,tier0_canopy_top,5201,0.0589,0.1789,0.5289,0.2507,0.26
21_N1,240.0,tier1_canopy_mid,5151,0.0778,0.1625,0.5156,0.2451,0.2301
21_N1,240.0,tier1_canopy_top,5209,0.0726,0.1519,0.4501,0.218,0.2114
21_N1,240.0,"CASE(worst P10, tier gap)",4,0.0528,,,0.0362,
21_N1,270.0,tier0_canopy_mid,5124,0.0535,0.1765,0.5627,0.2525,0.2642
21_N1,270.0,tier0_canopy_top,5201,0.0607,0.1767,0.5168,0.2473,0.26
21_N1,270.0,tier1_canopy_mid,5151,0.081,0.1578,0.5146,0.2436,0.2295
21_N1,270.0,tier1_canopy_top,5209,0.0753,0.1456,0.4443,0.2148,0.2119
21_N1,270.0,"CASE(worst P10, tier gap)",4,0.0535,,,0.0377,
21_N1,300.0,tier0_canopy_mid,5124,0.0554,0.1757,0.571,0.2527,0.2627
21_N1,300.0,tier0_canopy_top,5201,0.0634,0.1678,0.5426,0.2475,0.2588
21_N1,300.0,tier1_canopy_mid,5151,0.0768,0.151,0.4886,0.2392,0.2281
21_N1,300.0,tier1_canopy_top,5209,0.0731,0.1426,0.429,0.2116,0.21
21_N1,300.0,"CASE(worst P10, tier gap)",4,0.0554,,,0.0411,
21_N1,330.0,tier0_canopy_mid,5124,0.0519,0.1748,0.576,0.2547,0.2715
21_N1,330.0,tier0_canopy_top,5201,0.0573,0.1738,0.5429,0.2518,0.269
21_N1,330.0,tier1_canopy_mid,5151,0.078,0.1572,0.507,0.2439,0.2365
21_N1,330.0,tier1_canopy_top,5209,0.0748,0.1468,0.4427,0.216,0.2141
21_N1,330.0,"CASE(worst P10, tier gap)",4,0.0519,,,0.0387,
21_N1,360.0,tier0_canopy_mid,5124,0.0516,0.1756,0.5697,0.2524,0.2722
21_N1,360.0,tier0_canopy_top,5201,0.0545,0.1757,0.5499,0.2529,0.2717
21_N1,360.0,tier1_canopy_mid,5151,0.0726,0.1584,0.5162,0.243,0.2355
21_N1,360.0,tier1_canopy_top,5209,0.0692,0.1462,0.443,0.214,0.2117
21_N1,360.0,"CASE(worst P10, tier gap)",4,0.0516,,,0.0389,
21_N1,390.0,tier0_canopy_mid,5124,0.0439,0.1793,0.573,0.2522,0.273
21_N1,390.0,tier0_canopy_top,5201,0.0531,0.1749,0.5511,0.2499,0.2651
21_N1,390.0,tier1_canopy_mid,5151,0.072,0.1579,0.501,0.2417,0.2357
21_N1,390.0,tier1_canopy_top,5209,0.0688,0.1454,0.4333,0.211,0.2108
21_N1,390.0,"CASE(worst P10, tier gap)",4,0.0439,,,0.0412,
21_N1,420.0,tier0_canopy_mid,5124,0.0495,0.1753,0.5716,0.2533,0.2721
21_N1,420.0,tier0_canopy_top,5201,0.0517,0.1766,0.5372,0.2507,0.2676
21_N1,420.0,tier1_canopy_mid,5151,0.0724,0.1609,0.515,0.2437,0.2396
21_N1,420.0,tier1_canopy_top,5209,0.0714,0.1468,0.4422,0.213,0.2125
21_N1,420.0,"CASE(worst P10, tier gap)",4,0.0495,,,0.0402,
21_N1,450.0,tier0_canopy_mid,5124,0.0481,0.181,0.5646,0.2548,0.2943
21_N1,450.0,tier0_canopy_top,5201,0.0507,0.1808,0.5449,0.2536,0.2824
21_N1,450.0,tier1_canopy_mid,5151,0.0652,0.1635,0.5306,0.2457,0.2431
21_N1,450.0,tier1_canopy_top,5209,0.0658,0.15,0.4518,0.2142,0.2131
21_N1,450.0,"CASE(worst P10, tier gap)",4,0.0481,,,0.0406,
21_N1,480.0,tier0_canopy_mid,5124,0.0476,0.1801,0.5497,0.2517,0.2783
21_N1,480.0,tier0_canopy_top,5201,0.0534,0.181,0.5397,0.2534,0.2719
21_N1,480.0,tier1_canopy_mid,5151,0.0644,0.1615,0.5285,0.2448,0.2434
21_N1,480.0,tier1_canopy_top,5209,0.0645,0.1477,0.4491,0.2127,0.2152
21_N1,480.0,"CASE(worst P10, tier gap)",4,0.0476,,,0.0407,
21_N1,510.0,tier0_canopy_mid,5124,0.0473,0.1796,0.556,0.253,0.2758
21_N1,510.0,tier0_canopy_top,5201,0.0537,0.1793,0.5319,0.2501,0.2713
21_N1,510.0,tier1_canopy_mid,5151,0.0674,0.1608,0.5308,0.2456,0.246
21_N1,510.0,tier1_canopy_top,5209,0.0683,0.1466,0.4492,0.2125,0.2144
21_N1,510.0,"CASE(worst P10, tier gap)",4,0.0473,,,0.0406,
21_N1,540.0,tier0_canopy_mid,5124,0.0483,0.1799,0.5544,0.253,0.274
21_N1,540.0,tier0_canopy_top,5201,0.0539,0.1815,0.5349,0.2517,0.2736
21_N1,540.0,tier1_canopy_mid,5151,0.0656,0.1613,0.5348,0.246,0.2467
21_N1,540.0,tier1_canopy_top,5209,0.0666,0.1472,0.451,0.2132,0.2162
21_N1,540.0,"CASE(worst P10, tier gap)",4,0.0483,,,0.0397,
21_N1,570.0,tier0_canopy_mid,5124,0.0501,0.1772,0.5448,0.2503,0.2676
21_N1,570.0,tier0_canopy_top,5201,0.054,0.1813,0.5344,0.2522,0.2721
21_N1,570.0,tier1_canopy_mid,5151,0.0663,0.1648,0.5425,0.2479,0.2495
21_N1,570.0,tier1_canopy_top,5209,0.0667,0.1485,0.4588,0.2152,0.2164
21_N1,570.0,"CASE(worst P10, tier gap)",4,0.0501,,,0.037,
21_N1,600.0,tier0_canopy_mid,5124,0.0473,0.1819,0.553,0.2527,0.2732
21_N1,600.0,tier0_canopy_top,5201,0.0507,0.1835,0.5308,0.2508,0.2726
21_N1,600.0,tier1_canopy_mid,5151,0.066,0.1628,0.5373,0.2474,0.2504
21_N1,600.0,tier1_canopy_top,5209,0.0665,0.1476,0.4559,0.214,0.2148
21_N1,600.0,"CASE(worst P10, tier gap)",4,0.0473,,,0.0386,
25_A1,30.0,tier0_canopy_mid,5077,0.0826,0.2026,0.8135,0.3619,0.3065
25_A1,30.0,tier0_canopy_top,5140,0.078,0.1812,0.5221,0.282,0.2261
25_A1,30.0,tier1_canopy_mid,5072,0.0527,0.1894,0.7523,0.3336,0.2977
25_A1,30.0,tier1_canopy_top,5139,0.057,0.1659,0.4582,0.2623,0.2674
25_A1,30.0,"CASE(worst P10, tier gap)",4,0.0527,,,0.0996,
25_A1,60.0,tier0_canopy_mid,5077,0.0853,0.1989,0.7851,0.3548,0.2976
25_A1,60.0,tier0_canopy_top,5140,0.0795,0.1947,0.5852,0.3085,0.3014
25_A1,60.0,tier1_canopy_mid,5072,0.0745,0.1895,0.7561,0.3349,0.281
25_A1,60.0,tier1_canopy_top,5139,0.0803,0.1935,0.5315,0.3001,0.3057
25_A1,60.0,"CASE(worst P10, tier gap)",4,0.0745,,,0.0547,
25_A1,90.0,tier0_canopy_mid,5077,0.0587,0.206,0.7641,0.3414,0.2951
25_A1,90.0,tier0_canopy_top,5140,0.0531,0.2048,0.5661,0.3057,0.3136
25_A1,90.0,tier1_canopy_mid,5072,0.064,0.2027,0.7362,0.3297,0.2701
25_A1,90.0,tier1_canopy_top,5139,0.0745,0.208,0.5238,0.2953,0.2864
25_A1,90.0,"CASE(worst P10, tier gap)",4,0.0531,,,0.0461,
25_A1,120.0,tier0_canopy_mid,5077,0.0766,0.211,0.769,0.3511,0.3252
25_A1,120.0,tier0_canopy_top,5140,0.066,0.1984,0.5481,0.3002,0.3185
25_A1,120.0,tier1_canopy_mid,5072,0.0591,0.1863,0.7214,0.3188,0.2654
25_A1,120.0,tier1_canopy_top,5139,0.0651,0.187,0.5211,0.2855,0.2783
25_A1,120.0,"CASE(worst P10, tier gap)",4,0.0591,,,0.0656,
25_A1,150.0,tier0_canopy_mid,5099,0.0722,0.218,0.7463,0.3449,0.3103
25_A1,150.0,tier0_canopy_top,5153,0.0688,0.2167,0.5461,0.3066,0.3066
25_A1,150.0,tier1_canopy_mid,5097,0.0521,0.197,0.7203,0.3184,0.2588
25_A1,150.0,tier1_canopy_top,5162,0.0567,0.1959,0.5329,0.2899,0.2811
25_A1,150.0,"CASE(worst P10, tier gap)",4,0.0521,,,0.055,
25_A1,180.0,tier0_canopy_mid,5099,0.0771,0.1997,0.7507,0.3374,0.2848
25_A1,180.0,tier0_canopy_top,5153,0.0777,0.1986,0.5592,0.2983,0.2839
25_A1,180.0,tier1_canopy_mid,5097,0.0555,0.1931,0.7156,0.3164,0.2496
25_A1,180.0,tier1_canopy_top,5162,0.0603,0.198,0.509,0.2837,0.2608
25_A1,180.0,"CASE(worst P10, tier gap)",4,0.0555,,,0.0536,
25_A1,210.0,tier0_canopy_mid,5099,0.0778,0.208,0.7467,0.3428,0.2991
25_A1,210.0,tier0_canopy_top,5175,0.0837,0.201,0.56,0.3007,0.2819
25_A1,210.0,tier1_canopy_mid,5123,0.0608,0.1848,0.7142,0.3116,0.2411
25_A1,210.0,tier1_canopy_top,5200,0.0667,0.1916,0.4838,0.2787,0.2562
25_A1,210.0,"CASE(worst P10, tier gap)",4,0.0608,,,0.0641,
25_A1,240.0,tier0_canopy_mid,5099,0.0712,0.1981,0.7366,0.336,0.2897
25_A1,240.0,tier0_canopy_top,5175,0.0787,0.1979,0.5531,0.2985,0.2871
25_A1,240.0,tier1_canopy_mid,5123,0.0532,0.1859,0.7183,0.3099,0.236
25_A1,240.0,tier1_canopy_top,5200,0.0563,0.1921,0.5181,0.2805,0.2506
25_A1,240.0,"CASE(worst P10, tier gap)",4,0.0532,,,0.0555,
25_A1,270.0,tier0_canopy_mid,5099,0.071,0.1978,0.745,0.3397,0.2944
25_A1,270.0,tier0_canopy_top,5175,0.0748,0.197,0.5482,0.2992,0.2941
25_A1,270.0,tier1_canopy_mid,5123,0.0532,0.1768,0.7155,0.3091,0.2399
25_A1,270.0,tier1_canopy_top,5200,0.0554,0.1847,0.4895,0.2757,0.2494
25_A1,270.0,"CASE(worst P10, tier gap)",4,0.0532,,,0.0639,
25_A1,300.0,tier0_canopy_mid,5099,0.0694,0.1905,0.7427,0.3364,0.2952
25_A1,300.0,tier0_canopy_top,5175,0.0726,0.1924,0.5467,0.2945,0.291
25_A1,300.0,tier1_canopy_mid,5123,0.0566,0.1817,0.715,0.3107,0.2374
25_A1,300.0,tier1_canopy_top,5200,0.0602,0.1843,0.4902,0.2775,0.2488
25_A1,300.0,"CASE(worst P10, tier gap)",4,0.0566,,,0.0588,
25_A1,330.0,tier0_canopy_mid,5099,0.0652,0.1923,0.7454,0.3368,0.2981
25_A1,330.0,tier0_canopy_top,5175,0.066,0.1917,0.542,0.2923,0.2889
25_A1,330.0,tier1_canopy_mid,5123,0.0583,0.176,0.7102,0.3085,0.2378
25_A1,330.0,tier1_canopy_top,5200,0.0649,0.1842,0.4643,0.2721,0.2473
25_A1,330.0,"CASE(worst P10, tier gap)",4,0.0583,,,0.0647,
25_A1,360.0,tier0_canopy_mid,5099,0.0685,0.1885,0.7438,0.3364,0.2977
25_A1,360.0,tier0_canopy_top,5175,0.0696,0.1889,0.5453,0.2939,0.2922
25_A1,360.0,tier1_canopy_mid,5123,0.0545,0.1773,0.7201,0.3102,0.2381
25_A1,360.0,tier1_canopy_top,5200,0.0602,0.1821,0.475,0.273,0.2483
25_A1,360.0,"CASE(worst P10, tier gap)",4,0.0545,,,0.0634,
25_A1,390.0,tier0_canopy_mid,5099,0.0652,0.1916,0.7431,0.3367,0.2959
25_A1,390.0,tier0_canopy_top,5175,0.0645,0.1928,0.5428,0.2955,0.2937
25_A1,390.0,tier1_canopy_mid,5123,0.0545,0.1739,0.7093,0.3094,0.244
25_A1,390.0,tier1_canopy_top,5200,0.0592,0.1791,0.4803,0.2729,0.2521
25_A1,390.0,"CASE(worst P10, tier gap)",4,0.0545,,,0.0638,
25_A1,420.0,tier0_canopy_mid,5099,0.065,0.1908,0.7405,0.3341,0.2932
25_A1,420.0,tier0_canopy_top,5175,0.0651,0.1921,0.5412,0.2931,0.2873
25_A1,420.0,tier1_canopy_mid,5123,0.0561,0.1788,0.7073,0.31,0.2415
25_A1,420.0,tier1_canopy_top,5200,0.0595,0.1842,0.4788,0.275,0.2494
25_A1,420.0,"CASE(worst P10, tier gap)",4,0.0561,,,0.0591,
25_A1,450.0,tier0_canopy_mid,5099,0.0685,0.1948,0.7402,0.3347,0.2893
25_A1,450.0,tier0_canopy_top,5175,0.0667,0.1949,0.5368,0.2949,0.2935
25_A1,450.0,tier1_canopy_mid,5123,0.0566,0.1774,0.7028,0.3093,0.2415
25_A1,450.0,tier1_canopy_top,5200,0.0611,0.1831,0.4758,0.2742,0.2508
25_A1,450.0,"CASE(worst P10, tier gap)",4,0.0566,,,0.0605,
25_A1,480.0,tier0_canopy_mid,5099,0.066,0.1982,0.7264,0.3303,0.291
25_A1,480.0,tier0_canopy_top,5175,0.0624,0.1967,0.5297,0.294,0.298
25_A1,480.0,tier1_canopy_mid,5123,0.0556,0.1746,0.7037,0.3071,0.2389
25_A1,480.0,tier1_canopy_top,5200,0.0585,0.18,0.4824,0.2738,0.2477
25_A1,480.0,"CASE(worst P10, tier gap)",4,0.0556,,,0.0565,
25_A1,510.0,tier0_canopy_mid,5099,0.0705,0.2045,0.727,0.3342,0.2991
25_A1,510.0,tier0_canopy_top,5175,0.0683,0.2029,0.541,0.3002,0.3113
25_A1,510.0,tier1_canopy_mid,5123,0.0506,0.1823,0.7084,0.309,0.2417
25_A1,510.0,tier1_canopy_top,5200,0.053,0.1848,0.4823,0.2747,0.2538
25_A1,510.0,"CASE(worst P10, tier gap)",4,0.0506,,,0.0594,
25_A1,540.0,tier0_canopy_mid,5099,0.0703,0.2071,0.741,0.3375,0.2999
25_A1,540.0,tier0_canopy_top,5175,0.0734,0.2049,0.5359,0.2954,0.296
25_A1,540.0,tier1_canopy_mid,5123,0.054,0.197,0.7058,0.3163,0.2608
25_A1,540.0,tier1_canopy_top,5200,0.0566,0.1931,0.4834,0.2809,0.2688
25_A1,540.0,"CASE(worst P10, tier gap)",4,0.054,,,0.0566,
25_A1,570.0,tier0_canopy_mid,5099,0.0684,0.1945,0.7398,0.3352,0.2926
25_A1,570.0,tier0_canopy_top,5175,0.0699,0.1959,0.5276,0.2932,0.2989
25_A1,570.0,tier1_canopy_mid,5123,0.0646,0.1957,0.7029,0.3186,0.2594
25_A1,570.0,tier1_canopy_top,5200,0.071,0.1991,0.4811,0.2835,0.2727
25_A1,570.0,"CASE(worst P10, tier gap)",4,0.0646,,,0.0517,
25_A1,600.0,tier0_canopy_mid,5099,0.0723,0.1948,0.7282,0.3298,0.2901
25_A1,600.0,tier0_canopy_top,5175,0.0713,0.1956,0.5232,0.2926,0.3024
25_A1,600.0,tier1_canopy_mid,5123,0.0586,0.1919,0.696,0.3157,0.259
25_A1,600.0,tier1_canopy_top,5200,0.0626,0.1979,0.4773,0.2812,0.2687
25_A1,600.0,"CASE(worst P10, tier gap)",4,0.0586,,,0.0487,
26_A2,30.0,tier0_canopy_mid,5099,0.0738,0.2367,0.8118,0.3772,0.3558
26_A2,30.0,tier0_canopy_top,5153,0.0717,0.201,0.576,0.3054,0.3117
26_A2,30.0,tier1_canopy_mid,5097,0.0602,0.1758,0.7667,0.3405,0.3043
26_A2,30.0,tier1_canopy_top,5162,0.0653,0.1762,0.4957,0.2753,0.2824
26_A2,30.0,"CASE(worst P10, tier gap)",4,0.0602,,,0.1019,
26_A2,60.0,tier0_canopy_mid,5099,0.0709,0.2102,0.7692,0.3527,0.3409
26_A2,60.0,tier0_canopy_top,5153,0.077,0.184,0.6153,0.3047,0.319
26_A2,60.0,tier1_canopy_mid,5097,0.0691,0.1854,0.7441,0.3324,0.3012
26_A2,60.0,tier1_canopy_top,5162,0.0759,0.1926,0.5775,0.2936,0.3038
26_A2,60.0,"CASE(worst P10, tier gap)",4,0.0691,,,0.0591,
26_A2,90.0,tier0_canopy_mid,5099,0.0826,0.2121,0.78,0.3628,0.343
26_A2,90.0,tier0_canopy_top,5153,0.0873,0.2027,0.6091,0.3236,0.3553
26_A2,90.0,tier1_canopy_mid,5097,0.0769,0.1937,0.7259,0.3306,0.3106
26_A2,90.0,tier1_canopy_top,5162,0.0794,0.1927,0.5457,0.2879,0.2931
26_A2,90.0,"CASE(worst P10, tier gap)",4,0.0769,,,0.0748,
26_A2,120.0,tier0_canopy_mid,5099,0.0786,0.2131,0.7664,0.3592,0.3369
26_A2,120.0,tier0_canopy_top,5153,0.076,0.1974,0.6076,0.3175,0.3433
26_A2,120.0,tier1_canopy_mid,5097,0.0776,0.1836,0.7537,0.338,0.297
26_A2,120.0,tier1_canopy_top,5162,0.0762,0.1849,0.6253,0.306,0.3055
26_A2,120.0,"CASE(worst P10, tier gap)",4,0.076,,,0.0531,
26_A2,150.0,tier0_canopy_mid,5099,0.0733,0.203,0.7633,0.3532,0.3342
26_A2,150.0,tier0_canopy_top,5153,0.0746,0.1897,0.6168,0.3113,0.3251
26_A2,150.0,tier1_canopy_mid,5097,0.074,0.1791,0.7506,0.3385,0.2968
26_A2,150.0,tier1_canopy_top,5162,0.0754,0.1875,0.6128,0.3011,0.2954
26_A2,150.0,"CASE(worst P10, tier gap)",4,0.0733,,,0.0521,
26_A2,180.0,tier0_canopy_mid,5099,0.0725,0.2049,0.7616,0.354,0.332
26_A2,180.0,tier0_canopy_top,5153,0.0703,0.1912,0.6092,0.3111,0.3332
26_A2,180.0,tier1_canopy_mid,5097,0.0742,0.1876,0.7604,0.341,0.2955
26_A2,180.0,tier1_canopy_top,5162,0.074,0.1971,0.608,0.3035,0.2952
26_A2,180.0,"CASE(worst P10, tier gap)",4,0.0703,,,0.0505,
26_A2,210.0,tier0_canopy_mid,5099,0.0706,0.2019,0.7665,0.3522,0.333
26_A2,210.0,tier0_canopy_top,5153,0.0707,0.1875,0.6124,0.3099,0.3303
26_A2,210.0,tier1_canopy_mid,5097,0.0695,0.1837,0.759,0.3404,0.2959
26_A2,210.0,tier1_canopy_top,5162,0.0685,0.1962,0.605,0.3022,0.2958
26_A2,210.0,"CASE(worst P10, tier gap)",4,0.0685,,,0.0501,
26_A2,240.0,tier0_canopy_mid,5099,0.0702,0.2027,0.761,0.353,0.3314
26_A2,240.0,tier0_canopy_top,5153,0.0715,0.1881,0.6104,0.3107,0.3326
26_A2,240.0,tier1_canopy_mid,5097,0.072,0.1855,0.7587,0.3407,0.2961
26_A2,240.0,tier1_canopy_top,5162,0.0717,0.1947,0.6099,0.3047,0.2929
26_A2,240.0,"CASE(worst P10, tier gap)",4,0.0702,,,0.0483,
26_A2,270.0,tier0_canopy_mid,5099,0.0709,0.202,0.7584,0.3537,0.335
26_A2,270.0,tier0_canopy_top,5153,0.0727,0.187,0.6076,0.3102,0.3328
26_A2,270.0,tier1_canopy_mid,5097,0.0702,0.1855,0.7607,0.3404,0.2961
26_A2,270.0,tier1_canopy_top,5162,0.0696,0.1921,0.6087,0.3034,0.2933
26_A2,270.0,"CASE(worst P10, tier gap)",4,0.0696,,,0.0503,
26_A2,300.0,tier0_canopy_mid,5099,0.0707,0.2039,0.7559,0.3547,0.3397
26_A2,300.0,tier0_canopy_top,5153,0.0721,0.1889,0.604,0.3104,0.3367
26_A2,300.0,tier1_canopy_mid,5097,0.0675,0.1892,0.7609,0.3414,0.2947
26_A2,300.0,tier1_canopy_top,5162,0.0683,0.1957,0.6047,0.3038,0.2941
26_A2,300.0,"CASE(worst P10, tier gap)",4,0.0675,,,0.0508,
26_A2,330.0,tier0_canopy_mid,5099,0.0726,0.2056,0.7553,0.3568,0.3454
26_A2,330.0,tier0_canopy_top,5153,0.0729,0.1905,0.5931,0.31,0.3425
26_A2,330.0,tier1_canopy_mid,5097,0.0661,0.1955,0.7619,0.3421,0.2939
26_A2,330.0,tier1_canopy_top,5162,0.0666,0.2038,0.6006,0.3035,0.296
26_A2,330.0,"CASE(worst P10, tier gap)",4,0.0661,,,0.0533,
26_A2,360.0,tier0_canopy_mid,5099,0.0711,0.2087,0.7557,0.3587,0.3538
26_A2,360.0,tier0_canopy_top,5153,0.0689,0.194,0.5841,0.3091,0.3493
26_A2,360.0,tier1_canopy_mid,5097,0.0656,0.2077,0.7584,0.3433,0.2933
26_A2,360.0,tier1_canopy_top,5162,0.066,0.2151,0.588,0.3021,0.2995
26_A2,360.0,"CASE(worst P10, tier gap)",4,0.0656,,,0.0566,
26_A2,390.0,tier0_canopy_mid,5099,0.071,0.2125,0.7575,0.3594,0.3579
26_A2,390.0,tier0_canopy_top,5153,0.0675,0.1943,0.5765,0.3071,0.3524
26_A2,390.0,tier1_canopy_mid,5097,0.0674,0.2127,0.7582,0.3439,0.2921
26_A2,390.0,tier1_canopy_top,5162,0.067,0.2192,0.582,0.3019,0.3018
26_A2,390.0,"CASE(worst P10, tier gap)",4,0.067,,,0.0575,
26_A2,420.0,tier0_canopy_mid,5099,0.0695,0.2119,0.7574,0.3595,0.3593
26_A2,420.0,tier0_canopy_top,5153,0.0657,0.1963,0.5779,0.306,0.3513
26_A2,420.0,tier1_canopy_mid,5097,0.0676,0.2149,0.7604,0.3441,0.2929
26_A2,420.0,tier1_canopy_top,5162,0.0663,0.2222,0.5788,0.3013,0.3032
26_A2,420.0,"CASE(worst P10, tier gap)",4,0.0657,,,0.0583,
26_A2,450.0,tier0_canopy_mid,5099,0.071,0.212,0.7564,0.3583,0.3571
26_A2,450.0,tier0_canopy_top,5153,0.067,0.1935,0.5784,0.3059,0.3491
26_A2,450.0,tier1_canopy_mid,5097,0.0688,0.2135,0.7615,0.3446,0.2927
26_A2,450.0,tier1_canopy_top,5162,0.0675,0.2219,0.585,0.303,0.3045
26_A2,450.0,"CASE(worst P10, tier gap)",4,0.067,,,0.0554,
26_A2,480.0,tier0_canopy_mid,5099,0.0711,0.2118,0.7586,0.3579,0.3569
26_A2,480.0,tier0_canopy_top,5153,0.0678,0.1943,0.5837,0.3068,0.3489
26_A2,480.0,tier1_canopy_mid,5097,0.0694,0.2139,0.7596,0.3447,0.2931
26_A2,480.0,tier1_canopy_top,5162,0.0668,0.2226,0.5849,0.3031,0.3051
26_A2,480.0,"CASE(worst P10, tier gap)",4,0.0668,,,0.0548,
26_A2,510.0,tier0_canopy_mid,5099,0.0711,0.2104,0.7581,0.3576,0.3554
26_A2,510.0,tier0_canopy_top,5153,0.0681,0.1934,0.5834,0.307,0.3485
26_A2,510.0,tier1_canopy_mid,5097,0.0702,0.2144,0.76,0.3453,0.2923
26_A2,510.0,tier1_canopy_top,5162,0.0679,0.2223,0.5838,0.3034,0.3036
26_A2,510.0,"CASE(worst P10, tier gap)",4,0.0679,,,0.0542,
26_A2,540.0,tier0_canopy_mid,5099,0.0702,0.2111,0.759,0.3576,0.3558
26_A2,540.0,tier0_canopy_top,5153,0.0679,0.1936,0.5835,0.3067,0.3476
26_A2,540.0,tier1_canopy_mid,5097,0.0702,0.2154,0.7584,0.3452,0.2933
26_A2,540.0,tier1_canopy_top,5162,0.0671,0.2235,0.582,0.3029,0.3049
26_A2,540.0,"CASE(worst P10, tier gap)",4,0.0671,,,0.0548,
26_A2,570.0,tier0_canopy_mid,5099,0.0707,0.2112,0.7594,0.3579,0.3552
26_A2,570.0,tier0_canopy_top,5153,0.0671,0.1942,0.5839,0.307,0.3485
26_A2,570.0,tier1_canopy_mid,5097,0.0707,0.2154,0.7577,0.3456,0.2941
26_A2,570.0,tier1_canopy_top,5162,0.0677,0.224,0.5819,0.3029,0.3041
26_A2,570.0,"CASE(worst P10, tier gap)",4,0.0671,,,0.055,
26_A2,600.0,tier0_canopy_mid,5099,0.0709,0.2109,0.7555,0.3576,0.3561
26_A2,600.0,tier0_canopy_top,5153,0.0685,0.1933,0.5813,0.3064,0.3462
26_A2,600.0,tier1_canopy_mid,5097,0.0708,0.2147,0.7579,0.3453,0.2931
26_A2,600.0,tier1_canopy_top,5162,0.0681,0.2233,0.5816,0.303,0.304
26_A2,600.0,"CASE(worst P10, tier gap)",4,0.0681,,,0.0546,
27_A3,30.0,tier0_canopy_mid,5099,0.0662,0.1857,0.7995,0.3456,0.2775
27_A3,30.0,tier0_canopy_top,5153,0.0623,0.1796,0.5677,0.2846,0.2472
27_A3,30.0,tier1_canopy_mid,5097,0.0573,0.2298,0.7567,0.3484,0.3174
27_A3,30.0,tier1_canopy_top,5162,0.0622,0.2133,0.4923,0.2841,0.2964
27_A3,30.0,"CASE(worst P10, tier gap)",4,0.0573,,,0.0643,
27_A3,60.0,tier0_canopy_mid,5099,0.0908,0.1975,0.7775,0.3563,0.3101
27_A3,60.0,tier0_canopy_top,5153,0.1026,0.1839,0.6156,0.3131,0.2893
27_A3,60.0,tier1_canopy_mid,5097,0.0701,0.1827,0.693,0.3127,0.248
27_A3,60.0,tier1_canopy_top,5162,0.0717,0.213,0.6065,0.3086,0.3214
27_A3,60.0,"CASE(worst P10, tier gap)",4,0.0701,,,0.0477,
27_A3,90.0,tier0_canopy_mid,5099,0.0721,0.1857,0.7787,0.3428,0.291
27_A3,90.0,tier0_canopy_top,5153,0.0755,0.1757,0.615,0.3005,0.2674
27_A3,90.0,tier1_canopy_mid,5097,0.0727,0.1812,0.7077,0.317,0.2768
27_A3,90.0,tier1_canopy_top,5162,0.074,0.1927,0.618,0.2999,0.2865
27_A3,90.0,"CASE(worst P10, tier gap)",4,0.0721,,,0.0429,
27_A3,120.0,tier0_canopy_mid,5099,0.0831,0.1791,0.7718,0.3454,0.2897
27_A3,120.0,tier0_canopy_top,5153,0.088,0.1741,0.5952,0.299,0.2659
27_A3,120.0,tier1_canopy_mid,5097,0.0846,0.1955,0.7102,0.3284,0.2986
27_A3,120.0,tier1_canopy_top,5162,0.0806,0.212,0.5898,0.3031,0.2979
27_A3,120.0,"CASE(worst P10, tier gap)",4,0.0806,,,0.0464,
27_A3,150.0,tier0_canopy_mid,5099,0.0788,0.1889,0.7751,0.3463,0.2906
27_A3,150.0,tier0_canopy_top,5153,0.0822,0.1807,0.616,0.3046,0.2697
27_A3,150.0,tier1_canopy_mid,5097,0.079,0.1862,0.7108,0.3206,0.2782
27_A3,150.0,tier1_canopy_top,5162,0.0762,0.2096,0.6076,0.3052,0.3022
27_A3,150.0,"CASE(worst P10, tier gap)",4,0.0762,,,0.0417,
27_A3,180.0,tier0_canopy_mid,5099,0.0748,0.1819,0.7734,0.3417,0.2881
27_A3,180.0,tier0_canopy_top,5153,0.076,0.1771,0.6119,0.3004,0.2618
27_A3,180.0,tier1_canopy_mid,5097,0.0814,0.1796,0.7075,0.3166,0.268
27_A3,180.0,tier1_canopy_top,5162,0.0807,0.1984,0.6215,0.3049,0.295
27_A3,180.0,"CASE(worst P10, tier gap)",4,0.0748,,,0.0413,
27_A3,210.0,tier0_canopy_mid,5099,0.0778,0.1789,0.7735,0.3415,0.2852
27_A3,210.0,tier0_canopy_top,5153,0.0794,0.1733,0.6109,0.2996,0.2604
27_A3,210.0,tier1_canopy_mid,5097,0.0795,0.1803,0.7052,0.3161,0.2688
27_A3,210.0,tier1_canopy_top,5162,0.0777,0.1986,0.623,0.3045,0.2885
27_A3,210.0,"CASE(worst P10, tier gap)",4,0.0777,,,0.0419,
27_A3,240.0,tier0_canopy_mid,5099,0.0759,0.18,0.7721,0.3412,0.285
27_A3,240.0,tier0_canopy_top,5153,0.0776,0.173,0.6145,0.2998,0.2608
27_A3,240.0,tier1_canopy_mid,5097,0.0755,0.1772,0.7048,0.3142,0.2653
27_A3,240.0,tier1_canopy_top,5162,0.0755,0.1947,0.6244,0.3036,0.2892
27_A3,240.0,"CASE(worst P10, tier gap)",4,0.0755,,,0.0414,
27_A3,270.0,tier0_canopy_mid,5099,0.0736,0.1782,0.7716,0.3396,0.2801
27_A3,270.0,tier0_canopy_top,5153,0.0771,0.1712,0.6143,0.2986,0.2606
27_A3,270.0,tier1_canopy_mid,5097,0.076,0.1767,0.7011,0.3133,0.2656
27_A3,270.0,tier1_canopy_top,5162,0.0771,0.193,0.6268,0.3036,0.2881
27_A3,270.0,"CASE(worst P10, tier gap)",4,0.0736,,,0.0411,
27_A3,300.0,tier0_canopy_mid,5099,0.0723,0.1761,0.7719,0.339,0.2806
27_A3,300.0,tier0_canopy_top,5153,0.0779,0.1703,0.6146,0.2982,0.2587
27_A3,300.0,tier1_canopy_mid,5097,0.0743,0.1752,0.6996,0.3124,0.2653
27_A3,300.0,tier1_canopy_top,5162,0.0761,0.1913,0.628,0.3033,0.2877
27_A3,300.0,"CASE(worst P10, tier gap)",4,0.0723,,,0.0407,
27_A3,330.0,tier0_canopy_mid,5099,0.0706,0.1757,0.7712,0.3382,0.281
27_A3,330.0,tier0_canopy_top,5153,0.0757,0.1697,0.6133,0.2977,0.2587
27_A3,330.0,tier1_canopy_mid,5097,0.0722,0.1743,0.6974,0.3115,0.2629
27_A3,330.0,tier1_canopy_top,5162,0.0756,0.19,0.6288,0.303,0.285
27_A3,330.0,"CASE(worst P10, tier gap)",4,0.0706,,,0.0405,
27_A3,360.0,tier0_canopy_mid,5099,0.0692,0.1753,0.7708,0.3374,0.2801
27_A3,360.0,tier0_canopy_top,5153,0.0736,0.1689,0.6138,0.2971,0.2579
27_A3,360.0,tier1_canopy_mid,5097,0.0721,0.1741,0.6978,0.311,0.2611
27_A3,360.0,tier1_canopy_top,5162,0.0744,0.1894,0.6286,0.3025,0.2832
27_A3,360.0,"CASE(worst P10, tier gap)",4,0.0692,,,0.0403,
27_A3,390.0,tier0_canopy_mid,5099,0.0677,0.1749,0.7705,0.3369,0.2793
27_A3,390.0,tier0_canopy_top,5153,0.0725,0.169,0.6146,0.2967,0.2569
27_A3,390.0,tier1_canopy_mid,5097,0.0712,0.1736,0.6958,0.3104,0.2592
27_A3,390.0,tier1_canopy_top,5162,0.0737,0.189,0.6275,0.3021,0.2811
27_A3,390.0,"CASE(worst P10, tier gap)",4,0.0677,,,0.0402,
27_A3,420.0,tier0_canopy_mid,5099,0.0668,0.1748,0.7696,0.3366,0.2791
27_A3,420.0,tier0_canopy_top,5153,0.0717,0.1689,0.6143,0.2964,0.2562
27_A3,420.0,tier1_canopy_mid,5097,0.0703,0.1732,0.6958,0.3101,0.2584
27_A3,420.0,tier1_canopy_top,5162,0.0726,0.1884,0.6272,0.3016,0.2803
27_A3,420.0,"CASE(worst P10, tier gap)",4,0.0668,,,0.0402,
27_A3,450.0,tier0_canopy_mid,5099,0.0659,0.175,0.7699,0.3364,0.2785
27_A3,450.0,tier0_canopy_top,5153,0.0707,0.169,0.6148,0.2964,0.256
27_A3,450.0,tier1_canopy_mid,5097,0.0703,0.1727,0.6945,0.3097,0.2572
27_A3,450.0,tier1_canopy_top,5162,0.0721,0.1887,0.6263,0.3013,0.2801
27_A3,450.0,"CASE(worst P10, tier gap)",4,0.0659,,,0.04,
27_A3,480.0,tier0_canopy_mid,5099,0.0654,0.1749,0.7687,0.3361,0.2787
27_A3,480.0,tier0_canopy_top,5153,0.0703,0.1689,0.6138,0.2962,0.256
27_A3,480.0,tier1_canopy_mid,5097,0.0698,0.1722,0.6947,0.3095,0.256
27_A3,480.0,tier1_canopy_top,5162,0.0718,0.1881,0.6263,0.3009,0.279
27_A3,480.0,"CASE(worst P10, tier gap)",4,0.0654,,,0.0399,
27_A3,510.0,tier0_canopy_mid,5099,0.0649,0.1748,0.7692,0.336,0.2789
27_A3,510.0,tier0_canopy_top,5153,0.0697,0.1686,0.6134,0.2962,0.2558
27_A3,510.0,tier1_canopy_mid,5097,0.0689,0.172,0.6957,0.3093,0.2549
27_A3,510.0,tier1_canopy_top,5162,0.0719,0.1881,0.6265,0.3007,0.2792
27_A3,510.0,"CASE(worst P10, tier gap)",4,0.0649,,,0.0397,
27_A3,540.0,tier0_canopy_mid,5099,0.0648,0.1752,0.769,0.3358,0.2793
27_A3,540.0,tier0_canopy_top,5153,0.0696,0.1686,0.613,0.2961,0.256
27_A3,540.0,tier1_canopy_mid,5097,0.0684,0.1716,0.6972,0.3091,0.2551
27_A3,540.0,tier1_canopy_top,5162,0.0715,0.1873,0.6256,0.3004,0.2788
27_A3,540.0,"CASE(worst P10, tier gap)",4,0.0648,,,0.0397,
27_A3,570.0,tier0_canopy_mid,5099,0.0644,0.1755,0.7703,0.3357,0.2793
27_A3,570.0,tier0_canopy_top,5153,0.0695,0.1685,0.6128,0.2962,0.2558
27_A3,570.0,tier1_canopy_mid,5097,0.0678,0.1715,0.6974,0.3091,0.2551
27_A3,570.0,tier1_canopy_top,5162,0.0713,0.1871,0.6245,0.3003,0.278
27_A3,570.0,"CASE(worst P10, tier gap)",4,0.0644,,,0.0395,
27_A3,600.0,tier0_canopy_mid,5099,0.0647,0.1754,0.7696,0.3356,0.2803
27_A3,600.0,tier0_canopy_top,5153,0.0696,0.1685,0.6126,0.2962,0.2552
27_A3,600.0,tier1_canopy_mid,5097,0.0676,0.171,0.6968,0.309,0.2549
27_A3,600.0,tier1_canopy_top,5162,0.0712,0.1869,0.625,0.3001,0.2782
27_A3,600.0,"CASE(worst P10, tier gap)",4,0.0647,,,0.0394,
